Workbook

Sheet Target Working
M1: =SUBTOTAL(9,M3:M378) -> #REF!
B2: DistributorCompanyCode | C2: DistributorCode | D2: DistributorName | E2: AppUserCode | F2: AppUserType | G2: AppUserName | H2: SKUManufacturerCode | I2: MasterSKUCode | J2: MasterSKUName | K2: SKUCode | L2: SKUDescription | M2: Case
B3: D0115 | C3: D0112 | D3: Vision Marketing | E3: D0112OB1 | F3: Order Booker | G3: Hassan Bilal | H3: 3000000044 | I3: MSKU00024 | J3: Mimi Papa Adult Diapers ECO 2-S | K3: SKU00269 | L3: Mimi Papa Adult Diapers ECO 10 (2-S) | M3: =SUMIFS('Raw Data in Target'!#REF!,'Raw Data in Target'!$J:$J,'Target Working'!$K3,'Raw Data in Target'!$B:$B,'Target Working'!$E3) -> #REF!
B4: D0115 | C4: D0112 | D4: Vision Marketing | E4: D0112OB1 | F4: Order Booker | G4: Hassan Bilal | H4: 3000000349 | I4: MSKU00185 | J4: Bona Magic Wipes Deluxe 72 Pcs | K4: SKU00292 | L4: Bona Magic Wipes Deluxe 72 Pcs | M4: =SUMIFS('Raw Data in Target'!#REF!,'Raw Data in Target'!$J:$J,'Target Working'!$K4,'Raw Data in Target'!$B:$B,'Target Working'!$E4) -> #REF!
B5: D0115 | C5: D0112 | D5: Vision Marketing | E5: D0112OB1 | F5: Order Booker | G5: Hassan Bilal | H5: 3000003335 | I5: MSKU00152 | J5: Bona Magic Baby Diapers ECO 2-S | K5: SKU00300 | L5: Bona Magic Baby Diapers ECO 44 (2-S) | M5: =SUMIFS('Raw Data in Target'!#REF!,'Raw Data in Target'!$J:$J,'Target Working'!$K5,'Raw Data in Target'!$B:$B,'Target Working'!$E5) -> #REF!
B6: D0115 | C6: D0112 | D6: Vision Marketing | E6: D0112OB1 | F6: Order Booker | G6: Hassan Bilal | H6: 3000006014 | I6: MSKU00277 | J6: Body Razor | K6: SKU00530 | L6: Tegra Jet Body | M6: =SUMIFS('Raw Data in Target'!#REF!,'Raw Data in Target'!$J:$J,'Target Working'!$K6,'Raw Data in Target'!$B:$B,'Target Working'!$E6) -> #REF!
B7: D0115 | C7: D0112 | D7: Vision Marketing | E7: D0112OB1 | F7: Order Booker | G7: Hassan Bilal | H7: 3000005990 | I7: MSKU00274 | J7: Panda | K7: SKU00535 | L7: Tegra Panda soft | M7: =SUMIFS('Raw Data in Target'!#REF!,'Raw Data in Target'!$J:$J,'Target Working'!$K7,'Raw Data in Target'!$B:$B,'Target Working'!$E7) -> #REF!
B8: D0115 | C8: D0112 | D8: Vision Marketing | E8: D0112OB1 | F8: Order Booker | G8: Hassan Bilal | H8: 3000006112 | I8: MSKU00324 | J8: YES SUPER PLUS PAD 10PCS | K8: SKU00670 | L8: YES SUPER PLUS PAD 10PCS | M8: =SUMIFS('Raw Data in Target'!#REF!,'Raw Data in Target'!$J:$J,'Target Working'!$K8,'Raw Data in Target'!$B:$B,'Target Working'!$E8) -> #REF!
B9: D0115 | C9: D0112 | D9: Vision Marketing | E9: D0112OB1 | F9: Order Booker | G9: Hassan Bilal | H9: 3000000059 | I9: MSKU00343 | J9: Truly Adult Diapers Sachet 3-M | K9: SKU00695 | L9: Truly Adult Diapers ECO 10 (3M) | M9: =SUMIFS('Raw Data in Target'!#REF!,'Raw Data in Target'!$J:$J,'Target Working'!$K9,'Raw Data in Target'!$B:$B,'Target Working'!$E9) -> #REF!
B10: D0115 | C10: D0112 | D10: Vision Marketing | E10: D0112OB1 | F10: Order Booker | G10: Hassan Bilal | H10: 3000006443 | I10: MSKU00018 | J10: Safa Care Wipes Deluxe | K10: SKU00698 | L10: Safa Care Wipes Deluxe 60 Pcs x 48 | M10: =SUMIFS('Raw Data in Target'!#REF!,'Raw Data in Target'!$J:$J,'Target Working'!$K10,'Raw Data in Target'!$B:$B,'Target Working'!$E10) -> #REF!
B11: D0115 | C11: D0112 | D11: Vision Marketing | E11: D0112OB2 | F11: Order Booker | G11: Atif Shafique | H11: 3000000044 | I11: MSKU00024 | J11: Mimi Papa Adult Diapers ECO 2-S | K11: SKU00269 | L11: Mimi Papa Adult Diapers ECO 10 (2-S) | M11: =SUMIFS('Raw Data in Target'!#REF!,'Raw Data in Target'!$J:$J,'Target Working'!$K11,'Raw Data in Target'!$B:$B,'Target Working'!$E11) -> #REF!
B12: D0115 | C12: D0112 | D12: Vision Marketing | E12: D0112OB2 | F12: Order Booker | G12: Atif Shafique | H12: 3000000349 | I12: MSKU00185 | J12: Bona Magic Wipes Deluxe 72 Pcs | K12: SKU00292 | L12: Bona Magic Wipes Deluxe 72 Pcs | M12: =SUMIFS('Raw Data in Target'!#REF!,'Raw Data in Target'!$J:$J,'Target Working'!$K12,'Raw Data in Target'!$B:$B,'Target Working'!$E12) -> #REF!
B13: D0115 | C13: D0112 | D13: Vision Marketing | E13: D0112OB2 | F13: Order Booker | G13: Atif Shafique | H13: 3000003335 | I13: MSKU00152 | J13: Bona Magic Baby Diapers ECO 2-S | K13: SKU00300 | L13: Bona Magic Baby Diapers ECO 44 (2-S) | M13: =SUMIFS('Raw Data in Target'!#REF!,'Raw Data in Target'!$J:$J,'Target Working'!$K13,'Raw Data in Target'!$B:$B,'Target Working'!$E13) -> #REF!
B14: D0115 | C14: D0112 | D14: Vision Marketing | E14: D0112OB2 | F14: Order Booker | G14: Atif Shafique | H14: 3000006014 | I14: MSKU00277 | J14: Body Razor | K14: SKU00530 | L14: Tegra Jet Body | M14: =SUMIFS('Raw Data in Target'!#REF!,'Raw Data in Target'!$J:$J,'Target Working'!$K14,'Raw Data in Target'!$B:$B,'Target Working'!$E14) -> #REF!
... B170: D0115 | C170: D0119 | D170: Hafiz Brothers | E170: D0119OB16 | F170: Order Booker | G170: Mohsin Raza | H170: 3000006443 | I170: MSKU00018 | J170: Safa Care Wipes Deluxe | K170: SKU00698 | L170: Safa Care Wipes Deluxe 60 Pcs x 48 | M170: =SUMIFS('Raw Data in Target'!#REF!,'Raw Data in Target'!$J:$J,'Target Working'!$K170,'Raw Data in Target'!$B:$B,'Target Working'!$E170) -> #REF!
B171: 3400636 | C171: D0129 | D171: Tanveer Traders | E171: D0129OB1 | F171: Order Booker | G171: Shabbir Hussain Sajid | H171: 3000000044 | I171: MSKU00024 | J171: Mimi Papa Adult Diapers ECO 2-S | K171: SKU00269 | L171: Mimi Papa Adult Diapers ECO 10 (2-S) | M171: =SUMIFS('Raw Data in Target'!#REF!,'Raw Data in Target'!$J:$J,'Target Working'!$K171,'Raw Data in Target'!$B:$B,'Target Working'!$E171) -> #REF!
B172: 3400636 | C172: D0129 | D172: Tanveer Traders | E172: D0129OB1 | F172: Order Booker | G172: Shabbir Hussain Sajid | H172: 3000000349 | I172: MSKU00185 | J172: Bona Magic Wipes Deluxe 72 Pcs | K172: SKU00292 | L172: Bona Magic Wipes Deluxe 72 Pcs | M172: =SUMIFS('Raw Data in Target'!#REF!,'Raw Data in Target'!$J:$J,'Target Working'!$K172,'Raw Data in Target'!$B:$B,'Target Working'!$E172) -> #REF!
B173: 3400636 | C173: D0129 | D173: Tanveer Traders | E173: D0129OB1 | F173: Order Booker | G173: Shabbir Hussain Sajid | H173: 3000003335 | I173: MSKU00152 | J173: Bona Magic Baby Diapers ECO 2-S | K173: SKU00300 | L173: Bona Magic Baby Diapers ECO 44 (2-S) | M173: =SUMIFS('Raw Data in Target'!#REF!,'Raw Data in Target'!$J:$J,'Target Working'!$K173,'Raw Data in Target'!$B:$B,'Target Working'!$E173) -> #REF!
B174: 3400636 | C174: D0129 | D174: Tanveer Traders | E174: D0129OB1 | F174: Order Booker | G174: Shabbir Hussain Sajid | H174: 3000006014 | I174: MSKU00277 | J174: Body Razor | K174: SKU00530 | L174: Tegra Jet Body | M174: =SUMIFS('Raw Data in Target'!#REF!,'Raw Data in Target'!$J:$J,'Target Working'!$K174,'Raw Data in Target'!$B:$B,'Target Working'!$E174) -> #REF!
B175: 3400636 | C175: D0129 | D175: Tanveer Traders | E175: D0129OB1 | F175: Order Booker | G175: Shabbir Hussain Sajid | H175: 3000005990 | I175: MSKU00274 | J175: Panda | K175: SKU00535 | L175: Tegra Panda soft | M175: =SUMIFS('Raw Data in Target'!#REF!,'Raw Data in Target'!$J:$J,'Target Working'!$K175,'Raw Data in Target'!$B:$B,'Target Working'!$E175) -> #REF!
B176: 3400636 | C176: D0129 | D176: Tanveer Traders | E176: D0129OB1 | F176: Order Booker | G176: Shabbir Hussain Sajid | H176: 3000006112 | I176: MSKU00324 | J176: YES SUPER PLUS PAD 10PCS | K176: SKU00670 | L176: YES SUPER PLUS PAD 10PCS | M176: =SUMIFS('Raw Data in Target'!#REF!,'Raw Data in Target'!$J:$J,'Target Working'!$K176,'Raw Data in Target'!$B:$B,'Target Working'!$E176) -> #REF!
B177: 3400636 | C177: D0129 | D177: Tanveer Traders | E177: D0129OB1 | F177: Order Booker | G177: Shabbir Hussain Sajid | H177: 3000000059 | I177: MSKU00343 | J177: Truly Adult Diapers Sachet 3-M | K177: SKU00695 | L177: Truly Adult Diapers ECO 10 (3M) | M177: =SUMIFS('Raw Data in Target'!#REF!,'Raw Data in Target'!$J:$J,'Target Working'!$K177,'Raw Data in Target'!$B:$B,'Target Working'!$E177) -> #REF!
B178: 3400636 | C178: D0129 | D178: Tanveer Traders | E178: D0129OB1 | F178: Order Booker | G178: Shabbir Hussain Sajid | H178: 3000006443 | I178: MSKU00018 | J178: Safa Care Wipes Deluxe | K178: SKU00698 | L178: Safa Care Wipes Deluxe 60 Pcs x 48 | M178: =SUMIFS('Raw Data in Target'!#REF!,'Raw Data in Target'!$J:$J,'Target Working'!$K178,'Raw Data in Target'!$B:$B,'Target Working'!$E178) -> #REF!
B179: 3400636 | C179: D0129 | D179: Tanveer Traders | E179: D0129OB2 | F179: Order Booker | G179: Ali Hasnain | H179: 3000000044 | I179: MSKU00024 | J179: Mimi Papa Adult Diapers ECO 2-S | K179: SKU00269 | L179: Mimi Papa Adult Diapers ECO 10 (2-S) | M179: =SUMIFS('Raw Data in Target'!#REF!,'Raw Data in Target'!$J:$J,'Target Working'!$K179,'Raw Data in Target'!$B:$B,'Target Working'!$E179) -> #REF!
B180: 3400636 | C180: D0129 | D180: Tanveer Traders | E180: D0129OB2 | F180: Order Booker | G180: Ali Hasnain | H180: 3000000349 | I180: MSKU00185 | J180: Bona Magic Wipes Deluxe 72 Pcs | K180: SKU00292 | L180: Bona Magic Wipes Deluxe 72 Pcs | M180: =SUMIFS('Raw Data in Target'!#REF!,'Raw Data in Target'!$J:$J,'Target Working'!$K180,'Raw Data in Target'!$B:$B,'Target Working'!$E180) -> #REF!
B181: 3400636 | C181: D0129 | D181: Tanveer Traders | E181: D0129OB2 | F181: Order Booker | G181: Ali Hasnain | H181: 3000003335 | I181: MSKU00152 | J181: Bona Magic Baby Diapers ECO 2-S | K181: SKU00300 | L181: Bona Magic Baby Diapers ECO 44 (2-S) | M181: =SUMIFS('Raw Data in Target'!#REF!,'Raw Data in Target'!$J:$J,'Target Working'!$K181,'Raw Data in Target'!$B:$B,'Target Working'!$E181) -> #REF!
B182: 3400636 | C182: D0129 | D182: Tanveer Traders | E182: D0129OB2 | F182: Order Booker | G182: Ali Hasnain | H182: 3000006014 | I182: MSKU00277 | J182: Body Razor | K182: SKU00530 | L182: Tegra Jet Body | M182: =SUMIFS('Raw Data in Target'!#REF!,'Raw Data in Target'!$J:$J,'Target Working'!$K182,'Raw Data in Target'!$B:$B,'Target Working'!$E182) -> #REF!
... B210: 3400636 | C210: D0129 | D210: Tanveer Traders | E210: D0129OB6 | F210: Order Booker | G210: Ali Imam | H210: 3000006443 | I210: MSKU00018 | J210: Safa Care Wipes Deluxe | K210: SKU00698 | L210: Safa Care Wipes Deluxe 60 Pcs x 48 | M210: =SUMIFS('Raw Data in Target'!#REF!,'Raw Data in Target'!$J:$J,'Target Working'!$K210,'Raw Data in Target'!$B:$B,'Target Working'!$E210) -> #REF!
B211: D0129 | C211: D0131 | D211: Ahmed Trader | E211: D0131OB1 | F211: Order Booker | G211: Ali Hasnain | H211: 3000000044 | I211: MSKU00024 | J211: Mimi Papa Adult Diapers ECO 2-S | K211: SKU00269 | L211: Mimi Papa Adult Diapers ECO 10 (2-S) | M211: =SUMIFS('Raw Data in Target'!#REF!,'Raw Data in Target'!$J:$J,'Target Working'!$K211,'Raw Data in Target'!$B:$B,'Target Working'!$E211) -> #REF!
B212: D0129 | C212: D0131 | D212: Ahmed Trader | E212: D0131OB1 | F212: Order Booker | G212: Ali Hasnain | H212: 3000000349 | I212: MSKU00185 | J212: Bona Magic Wipes Deluxe 72 Pcs | K212: SKU00292 | L212: Bona Magic Wipes Deluxe 72 Pcs | M212: =SUMIFS('Raw Data in Target'!#REF!,'Raw Data in Target'!$J:$J,'Target Working'!$K212,'Raw Data in Target'!$B:$B,'Target Working'!$E212) -> #REF!
B213: D0129 | C213: D0131 | D213: Ahmed Trader | E213: D0131OB1 | F213: Order Booker | G213: Ali Hasnain | H213: 3000003335 | I213: MSKU00152 | J213: Bona Magic Baby Diapers ECO 2-S | K213: SKU00300 | L213: Bona Magic Baby Diapers ECO 44 (2-S) | M213: =SUMIFS('Raw Data in Target'!#REF!,'Raw Data in Target'!$J:$J,'Target Working'!$K213,'Raw Data in Target'!$B:$B,'Target Working'!$E213) -> #REF!
B214: D0129 | C214: D0131 | D214: Ahmed Trader | E214: D0131OB1 | F214: Order Booker | G214: Ali Hasnain | H214: 3000006014 | I214: MSKU00277 | J214: Body Razor | K214: SKU00530 | L214: Tegra Jet Body | M214: =SUMIFS('Raw Data in Target'!#REF!,'Raw Data in Target'!$J:$J,'Target Working'!$K214,'Raw Data in Target'!$B:$B,'Target Working'!$E214) -> #REF!
B215: D0129 | C215: D0131 | D215: Ahmed Trader | E215: D0131OB1 | F215: Order Booker | G215: Ali Hasnain | H215: 3000005990 | I215: MSKU00274 | J215: Panda | K215: SKU00535 | L215: Tegra Panda soft | M215: =SUMIFS('Raw Data in Target'!#REF!,'Raw Data in Target'!$J:$J,'Target Working'!$K215,'Raw Data in Target'!$B:$B,'Target Working'!$E215) -> #REF!
B216: D0129 | C216: D0131 | D216: Ahmed Trader | E216: D0131OB1 | F216: Order Booker | G216: Ali Hasnain | H216: 3000006112 | I216: MSKU00324 | J216: YES SUPER PLUS PAD 10PCS | K216: SKU00670 | L216: YES SUPER PLUS PAD 10PCS | M216: =SUMIFS('Raw Data in Target'!#REF!,'Raw Data in Target'!$J:$J,'Target Working'!$K216,'Raw Data in Target'!$B:$B,'Target Working'!$E216) -> #REF!
B217: D0129 | C217: D0131 | D217: Ahmed Trader | E217: D0131OB1 | F217: Order Booker | G217: Ali Hasnain | H217: 3000000059 | I217: MSKU00343 | J217: Truly Adult Diapers Sachet 3-M | K217: SKU00695 | L217: Truly Adult Diapers ECO 10 (3M) | M217: =SUMIFS('Raw Data in Target'!#REF!,'Raw Data in Target'!$J:$J,'Target Working'!$K217,'Raw Data in Target'!$B:$B,'Target Working'!$E217) -> #REF!
B218: D0129 | C218: D0131 | D218: Ahmed Trader | E218: D0131OB1 | F218: Order Booker | G218: Ali Hasnain | H218: 3000006443 | I218: MSKU00018 | J218: Safa Care Wipes Deluxe | K218: SKU00698 | L218: Safa Care Wipes Deluxe 60 Pcs x 48 | M218: =SUMIFS('Raw Data in Target'!#REF!,'Raw Data in Target'!$J:$J,'Target Working'!$K218,'Raw Data in Target'!$B:$B,'Target Working'!$E218) -> #REF!
B219: D0129 | C219: D0131 | D219: Ahmed Trader | E219: D0131OB2 | F219: Order Booker | G219: Muneeb Ahmad | H219: 3000000044 | I219: MSKU00024 | J219: Mimi Papa Adult Diapers ECO 2-S | K219: SKU00269 | L219: Mimi Papa Adult Diapers ECO 10 (2-S) | M219: =SUMIFS('Raw Data in Target'!#REF!,'Raw Data in Target'!$J:$J,'Target Working'!$K219,'Raw Data in Target'!$B:$B,'Target Working'!$E219) -> #REF!
B220: D0129 | C220: D0131 | D220: Ahmed Trader | E220: D0131OB2 | F220: Order Booker | G220: Muneeb Ahmad | H220: 3000000349 | I220: MSKU00185 | J220: Bona Magic Wipes Deluxe 72 Pcs | K220: SKU00292 | L220: Bona Magic Wipes Deluxe 72 Pcs | M220: =SUMIFS('Raw Data in Target'!#REF!,'Raw Data in Target'!$J:$J,'Target Working'!$K220,'Raw Data in Target'!$B:$B,'Target Working'!$E220) -> #REF!
B221: D0129 | C221: D0131 | D221: Ahmed Trader | E221: D0131OB2 | F221: Order Booker | G221: Muneeb Ahmad | H221: 3000003335 | I221: MSKU00152 | J221: Bona Magic Baby Diapers ECO 2-S | K221: SKU00300 | L221: Bona Magic Baby Diapers ECO 44 (2-S) | M221: =SUMIFS('Raw Data in Target'!#REF!,'Raw Data in Target'!$J:$J,'Target Working'!$K221,'Raw Data in Target'!$B:$B,'Target Working'!$E221) -> #REF!
B222: D0129 | C222: D0131 | D222: Ahmed Trader | E222: D0131OB2 | F222: Order Booker | G222: Muneeb Ahmad | H222: 3000006014 | I222: MSKU00277 | J222: Body Razor | K222: SKU00530 | L222: Tegra Jet Body | M222: =SUMIFS('Raw Data in Target'!#REF!,'Raw Data in Target'!$J:$J,'Target Working'!$K222,'Raw Data in Target'!$B:$B,'Target Working'!$E222) -> #REF!
... B298: D0243 | C298: D0154 | D298: Abdullah Traders - SD | E298: D0154OB7 | F298: Order Booker | G298: Muhammad Zubair | H298: 3000006443 | I298: MSKU00018 | J298: Safa Care Wipes Deluxe | K298: SKU00698 | L298: Safa Care Wipes Deluxe 60 Pcs x 48 | M298: =SUMIFS('Raw Data in Target'!#REF!,'Raw Data in Target'!$J:$J,'Target Working'!$K298,'Raw Data in Target'!$B:$B,'Target Working'!$E298) -> #REF!
B299: 3400768 | C299: D0243 | D299: Ahmad Traders | E299: D0243OB1 | F299: Order Booker | G299: Rahat Zulfiqar | H299: 3000000044 | I299: MSKU00024 | J299: Mimi Papa Adult Diapers ECO 2-S | K299: SKU00269 | L299: Mimi Papa Adult Diapers ECO 10 (2-S) | M299: =SUMIFS('Raw Data in Target'!#REF!,'Raw Data in Target'!$J:$J,'Target Working'!$K299,'Raw Data in Target'!$B:$B,'Target Working'!$E299) -> #REF!
B300: 3400768 | C300: D0243 | D300: Ahmad Traders | E300: D0243OB1 | F300: Order Booker | G300: Rahat Zulfiqar | H300: 3000000349 | I300: MSKU00185 | J300: Bona Magic Wipes Deluxe 72 Pcs | K300: SKU00292 | L300: Bona Magic Wipes Deluxe 72 Pcs | M300: =SUMIFS('Raw Data in Target'!#REF!,'Raw Data in Target'!$J:$J,'Target Working'!$K300,'Raw Data in Target'!$B:$B,'Target Working'!$E300) -> #REF!
B301: 3400768 | C301: D0243 | D301: Ahmad Traders | E301: D0243OB1 | F301: Order Booker | G301: Rahat Zulfiqar | H301: 3000003335 | I301: MSKU00152 | J301: Bona Magic Baby Diapers ECO 2-S | K301: SKU00300 | L301: Bona Magic Baby Diapers ECO 44 (2-S) | M301: =SUMIFS('Raw Data in Target'!#REF!,'Raw Data in Target'!$J:$J,'Target Working'!$K301,'Raw Data in Target'!$B:$B,'Target Working'!$E301) -> #REF!
B302: 3400768 | C302: D0243 | D302: Ahmad Traders | E302: D0243OB1 | F302: Order Booker | G302: Rahat Zulfiqar | H302: 3000006014 | I302: MSKU00277 | J302: Body Razor | K302: SKU00530 | L302: Tegra Jet Body | M302: =SUMIFS('Raw Data in Target'!#REF!,'Raw Data in Target'!$J:$J,'Target Working'!$K302,'Raw Data in Target'!$B:$B,'Target Working'!$E302) -> #REF!
B303: 3400768 | C303: D0243 | D303: Ahmad Traders | E303: D0243OB1 | F303: Order Booker | G303: Rahat Zulfiqar | H303: 3000005990 | I303: MSKU00274 | J303: Panda | K303: SKU00535 | L303: Tegra Panda soft | M303: =SUMIFS('Raw Data in Target'!#REF!,'Raw Data in Target'!$J:$J,'Target Working'!$K303,'Raw Data in Target'!$B:$B,'Target Working'!$E303) -> #REF!
B304: 3400768 | C304: D0243 | D304: Ahmad Traders | E304: D0243OB1 | F304: Order Booker | G304: Rahat Zulfiqar | H304: 3000006112 | I304: MSKU00324 | J304: YES SUPER PLUS PAD 10PCS | K304: SKU00670 | L304: YES SUPER PLUS PAD 10PCS | M304: =SUMIFS('Raw Data in Target'!#REF!,'Raw Data in Target'!$J:$J,'Target Working'!$K304,'Raw Data in Target'!$B:$B,'Target Working'!$E304) -> #REF!
B305: 3400768 | C305: D0243 | D305: Ahmad Traders | E305: D0243OB1 | F305: Order Booker | G305: Rahat Zulfiqar | H305: 3000000059 | I305: MSKU00343 | J305: Truly Adult Diapers Sachet 3-M | K305: SKU00695 | L305: Truly Adult Diapers ECO 10 (3M) | M305: =SUMIFS('Raw Data in Target'!#REF!,'Raw Data in Target'!$J:$J,'Target Working'!$K305,'Raw Data in Target'!$B:$B,'Target Working'!$E305) -> #REF!
B306: 3400768 | C306: D0243 | D306: Ahmad Traders | E306: D0243OB1 | F306: Order Booker | G306: Rahat Zulfiqar | H306: 3000006443 | I306: MSKU00018 | J306: Safa Care Wipes Deluxe | K306: SKU00698 | L306: Safa Care Wipes Deluxe 60 Pcs x 48 | M306: =SUMIFS('Raw Data in Target'!#REF!,'Raw Data in Target'!$J:$J,'Target Working'!$K306,'Raw Data in Target'!$B:$B,'Target Working'!$E306) -> #REF!
B307: 3400768 | C307: D0243 | D307: Ahmad Traders | E307: D0243OB3 | F307: Order Booker | G307: MShahzad Abdullah Traders - SD | H307: 3000000044 | I307: MSKU00024 | J307: Mimi Papa Adult Diapers ECO 2-S | K307: SKU00269 | L307: Mimi Papa Adult Diapers ECO 10 (2-S) | M307: =SUMIFS('Raw Data in Target'!#REF!,'Raw Data in Target'!$J:$J,'Target Working'!$K307,'Raw Data in Target'!$B:$B,'Target Working'!$E307) -> #REF!
B308: 3400768 | C308: D0243 | D308: Ahmad Traders | E308: D0243OB3 | F308: Order Booker | G308: MShahzad Abdullah Traders - SD | H308: 3000000349 | I308: MSKU00185 | J308: Bona Magic Wipes Deluxe 72 Pcs | K308: SKU00292 | L308: Bona Magic Wipes Deluxe 72 Pcs | M308: =SUMIFS('Raw Data in Target'!#REF!,'Raw Data in Target'!$J:$J,'Target Working'!$K308,'Raw Data in Target'!$B:$B,'Target Working'!$E308) -> #REF!
B309: 3400768 | C309: D0243 | D309: Ahmad Traders | E309: D0243OB3 | F309: Order Booker | G309: MShahzad Abdullah Traders - SD | H309: 3000003335 | I309: MSKU00152 | J309: Bona Magic Baby Diapers ECO 2-S | K309: SKU00300 | L309: Bona Magic Baby Diapers ECO 44 (2-S) | M309: =SUMIFS('Raw Data in Target'!#REF!,'Raw Data in Target'!$J:$J,'Target Working'!$K309,'Raw Data in Target'!$B:$B,'Target Working'!$E309) -> #REF!
B310: 3400768 | C310: D0243 | D310: Ahmad Traders | E310: D0243OB3 | F310: Order Booker | G310: MShahzad Abdullah Traders - SD | H310: 3000006014 | I310: MSKU00277 | J310: Body Razor | K310: SKU00530 | L310: Tegra Jet Body | M310: =SUMIFS('Raw Data in Target'!#REF!,'Raw Data in Target'!$J:$J,'Target Working'!$K310,'Raw Data in Target'!$B:$B,'Target Working'!$E310) -> #REF!
... B314: 3400768 | C314: D0243 | D314: Ahmad Traders | E314: D0243OB3 | F314: Order Booker | G314: MShahzad Abdullah Traders - SD | H314: 3000006443 | I314: MSKU00018 | J314: Safa Care Wipes Deluxe | K314: SKU00698 | L314: Safa Care Wipes Deluxe 60 Pcs x 48 | M314: =SUMIFS('Raw Data in Target'!#REF!,'Raw Data in Target'!$J:$J,'Target Working'!$K314,'Raw Data in Target'!$B:$B,'Target Working'!$E314) -> #REF!
B315: D0115 | C315: D0296 | D315: Zaman Trader And Company | E315: D0296OB1 | F315: Order Booker | G315: Gulraiz Ijaz | H315: 3000000044 | I315: MSKU00024 | J315: Mimi Papa Adult Diapers ECO 2-S | K315: SKU00269 | L315: Mimi Papa Adult Diapers ECO 10 (2-S) | M315: =SUMIFS('Raw Data in Target'!#REF!,'Raw Data in Target'!$J:$J,'Target Working'!$K315,'Raw Data in Target'!$B:$B,'Target Working'!$E315) -> #REF!
B316: D0115 | C316: D0296 | D316: Zaman Trader And Company | E316: D0296OB1 | F316: Order Booker | G316: Gulraiz Ijaz | H316: 3000000349 | I316: MSKU00185 | J316: Bona Magic Wipes Deluxe 72 Pcs | K316: SKU00292 | L316: Bona Magic Wipes Deluxe 72 Pcs | M316: =SUMIFS('Raw Data in Target'!#REF!,'Raw Data in Target'!$J:$J,'Target Working'!$K316,'Raw Data in Target'!$B:$B,'Target Working'!$E316) -> #REF!
B317: D0115 | C317: D0296 | D317: Zaman Trader And Company | E317: D0296OB1 | F317: Order Booker | G317: Gulraiz Ijaz | H317: 3000003335 | I317: MSKU00152 | J317: Bona Magic Baby Diapers ECO 2-S | K317: SKU00300 | L317: Bona Magic Baby Diapers ECO 44 (2-S) | M317: =SUMIFS('Raw Data in Target'!#REF!,'Raw Data in Target'!$J:$J,'Target Working'!$K317,'Raw Data in Target'!$B:$B,'Target Working'!$E317) -> #REF!
B318: D0115 | C318: D0296 | D318: Zaman Trader And Company | E318: D0296OB1 | F318: Order Booker | G318: Gulraiz Ijaz | H318: 3000006014 | I318: MSKU00277 | J318: Body Razor | K318: SKU00530 | L318: Tegra Jet Body | M318: =SUMIFS('Raw Data in Target'!#REF!,'Raw Data in Target'!$J:$J,'Target Working'!$K318,'Raw Data in Target'!$B:$B,'Target Working'!$E318) -> #REF!
B319: D0115 | C319: D0296 | D319: Zaman Trader And Company | E319: D0296OB1 | F319: Order Booker | G319: Gulraiz Ijaz | H319: 3000005990 | I319: MSKU00274 | J319: Panda | K319: SKU00535 | L319: Tegra Panda soft | M319: =SUMIFS('Raw Data in Target'!#REF!,'Raw Data in Target'!$J:$J,'Target Working'!$K319,'Raw Data in Target'!$B:$B,'Target Working'!$E319) -> #REF!
B320: D0115 | C320: D0296 | D320: Zaman Trader And Company | E320: D0296OB1 | F320: Order Booker | G320: Gulraiz Ijaz | H320: 3000006112 | I320: MSKU00324 | J320: YES SUPER PLUS PAD 10PCS | K320: SKU00670 | L320: YES SUPER PLUS PAD 10PCS | M320: =SUMIFS('Raw Data in Target'!#REF!,'Raw Data in Target'!$J:$J,'Target Working'!$K320,'Raw Data in Target'!$B:$B,'Target Working'!$E320) -> #REF!
B321: D0115 | C321: D0296 | D321: Zaman Trader And Company | E321: D0296OB1 | F321: Order Booker | G321: Gulraiz Ijaz | H321: 3000000059 | I321: MSKU00343 | J321: Truly Adult Diapers Sachet 3-M | K321: SKU00695 | L321: Truly Adult Diapers ECO 10 (3M) | M321: =SUMIFS('Raw Data in Target'!#REF!,'Raw Data in Target'!$J:$J,'Target Working'!$K321,'Raw Data in Target'!$B:$B,'Target Working'!$E321) -> #REF!
B322: D0115 | C322: D0296 | D322: Zaman Trader And Company | E322: D0296OB1 | F322: Order Booker | G322: Gulraiz Ijaz | H322: 3000006443 | I322: MSKU00018 | J322: Safa Care Wipes Deluxe | K322: SKU00698 | L322: Safa Care Wipes Deluxe 60 Pcs x 48 | M322: =SUMIFS('Raw Data in Target'!#REF!,'Raw Data in Target'!$J:$J,'Target Working'!$K322,'Raw Data in Target'!$B:$B,'Target Working'!$E322) -> #REF!
B323: D0115 | C323: D0296 | D323: Zaman Trader And Company | E323: D0296OB2 | F323: Order Booker | G323: Muhammad Qasim Butt | H323: 3000000044 | I323: MSKU00024 | J323: Mimi Papa Adult Diapers ECO 2-S | K323: SKU00269 | L323: Mimi Papa Adult Diapers ECO 10 (2-S) | M323: =SUMIFS('Raw Data in Target'!#REF!,'Raw Data in Target'!$J:$J,'Target Working'!$K323,'Raw Data in Target'!$B:$B,'Target Working'!$E323) -> #REF!
B324: D0115 | C324: D0296 | D324: Zaman Trader And Company | E324: D0296OB2 | F324: Order Booker | G324: Muhammad Qasim Butt | H324: 3000000349 | I324: MSKU00185 | J324: Bona Magic Wipes Deluxe 72 Pcs | K324: SKU00292 | L324: Bona Magic Wipes Deluxe 72 Pcs | M324: =SUMIFS('Raw Data in Target'!#REF!,'Raw Data in Target'!$J:$J,'Target Working'!$K324,'Raw Data in Target'!$B:$B,'Target Working'!$E324) -> #REF!
B325: D0115 | C325: D0296 | D325: Zaman Trader And Company | E325: D0296OB2 | F325: Order Booker | G325: Muhammad Qasim Butt | H325: 3000003335 | I325: MSKU00152 | J325: Bona Magic Baby Diapers ECO 2-S | K325: SKU00300 | L325: Bona Magic Baby Diapers ECO 44 (2-S) | M325: =SUMIFS('Raw Data in Target'!#REF!,'Raw Data in Target'!$J:$J,'Target Working'!$K325,'Raw Data in Target'!$B:$B,'Target Working'!$E325) -> #REF!
B326: D0115 | C326: D0296 | D326: Zaman Trader And Company | E326: D0296OB2 | F326: Order Booker | G326: Muhammad Qasim Butt | H326: 3000006014 | I326: MSKU00277 | J326: Body Razor | K326: SKU00530 | L326: Tegra Jet Body | M326: =SUMIFS('Raw Data in Target'!#REF!,'Raw Data in Target'!$J:$J,'Target Working'!$K326,'Raw Data in Target'!$B:$B,'Target Working'!$E326) -> #REF!
... B378: D0318 | C378: D0321 | D378: Al Rehman Trading Co | E378: D0321OB3 | F378: Order Booker | G378: Saeed | H378: 3000006443 | I378: MSKU00018 | J378: Safa Care Wipes Deluxe | K378: SKU00698 | L378: Safa Care Wipes Deluxe 60 Pcs x 48 | M378: =SUMIFS('Raw Data in Target'!#REF!,'Raw Data in Target'!$J:$J,'Target Working'!$K378,'Raw Data in Target'!$B:$B,'Target Working'!$E378) -> #REF!

Sheet Pivot
A1: BU | B1: (Multiple Items)
A3: Manager name | B3: Salesflo AppUser Code | C3: Trim Distributor Code | D3: AppUser Name | E3: Category Name | F3: Brand Name | G3: Name | H3: Sum of Cases | I3: Sum of Units | J3: Sum of Value
A4: Ali Niazi | B4: 9000000218 | C4: D0441 | D4: Saqlain Haider | E4: Adult Diapers | F4: Sofped | G4: Javed | H4: 20.28 | I4: 2028 | J4: 250996.33
A5: Ali Niazi | B5: 9000000218 | C5: D0441 | D5: Saqlain Haider | E5: Adult Pants | F5: Sofped | G5: Javed | H5: 1.05625 | I5: 105.625 | J5: 140.98651
A6: Ali Niazi | B6: 9000000218 | C6: D0441 | D6: Saqlain Haider | E6: Baby Diapers | F6: Momse | G6: Javed | H6: 97.2 | I6: 27993.6 | J6: 797253.85
A7: Ali Niazi | B7: 9000000218 | C7: D0441 | D7: Saqlain Haider | E7: Pants | F7: Momse | G7: Javed | H7: 26.4 | I7: 5068.8 | J7: 219274.22
A8: Ali Niazi | B8: 9000000218 | C8: D0441 | D8: Saqlain Haider | E8: Wipes | F8: Momse | G8: Javed | H8: 15.12 | I8: 362.88 | J8: 112835.16
A9: Ali Niazi | B9: 9000000218 | C9: D0441 | D9: Saqlain Haider | E9: Wipes | F9: Nazuk | G9: Javed | H9: 14.586 | I9: 350.064 | J9: 27496.386
A10: Ali Niazi | B10: 9000001386 | C10: D0441 | D10: Zain Ul Abadin | E10: Adult Diapers | F10: Sofped | G10: Javed | H10: 27.3 | I10: 2730 | J10: 337879.67
A11: Ali Niazi | B11: 9000001386 | C11: D0441 | D11: Zain Ul Abadin | E11: Adult Pants | F11: Sofped | G11: Javed | H11: 1.70625 | I11: 170.625 | J11: 227.74745
A12: Ali Niazi | B12: 9000001386 | C12: D0441 | D12: Zain Ul Abadin | E12: Baby Diapers | F12: Momse | G12: Javed | H12: 81 | I12: 23328 | J12: 664378.21
A13: Ali Niazi | B13: 9000001386 | C13: D0441 | D13: Zain Ul Abadin | E13: Pants | F13: Momse | G13: Javed | H13: 20.625 | I13: 3960 | J13: 171307.98
A14: Ali Niazi | B14: 9000001386 | C14: D0441 | D14: Zain Ul Abadin | E14: Sanitary Napkin | F14: Nofea | G14: Javed | H14: 71.7825 | I14: 53014.5 | J14: 126405.82
A15: Ali Niazi | B15: 9000001386 | C15: D0441 | D15: Zain Ul Abadin | E15: Wipes | F15: Momse | G15: Javed | H15: 15.3 | I15: 367.2 | J15: 114178.44
... A625: Ali Niazi | B625: DO520OB1 | C625: D0520 | D625: Haider Maqbool | E625: Baby Diapers | F625: Bona Magic | G625: Raza (Ali Nazi) | H625: 150 | I625: 52800 | J625: 1314712.2
A626: Ali Niazi | B626: Trading | D626: Trading | E626: Baby Diapers | F626: Ono | G626: ali | H626: 2000 | I626: 0 | J626: 11738300
A627: Ali Niazi | B627: Trading | D627: Trading | E627: Baby Diapers | F627: Sorex | G627: ali | H627: 500 | I627: 0 | J627: 3227890
A628: Amir Tayyab | B628: D0030OB1 | C628: D0030 | D628: Ahmed Nasir | E628: Adult Diapers | F628: Safa Care | G628: Nomani | H628: 12 | I628: 1200 | J628: 121854.58
A629: Amir Tayyab | B629: D0030OB1 | C629: D0030 | D629: Ahmed Nasir | E629: Adult Diapers | F629: Truly | G629: Nomani | H629: 9 | I629: 900 | J629: 67924.213
A630: Amir Tayyab | B630: D0030OB1 | C630: D0030 | D630: Ahmed Nasir | E630: Baby Diapers | F630: Bona Magic | G630: Nomani | H630: 115 | I630: 40480 | J630: 1007946
A631: Amir Tayyab | B631: D0030OB1 | C631: D0030 | D631: Ahmed Nasir | E631: Oral Care | F631: Tegra TB | G631: Nomani | H631: 4 | I631: 576 | J631: 22101.955
A632: Amir Tayyab | B632: D0030OB1 | C632: D0030 | D632: Ahmed Nasir | E632: Pants | F632: Bona Magic | G632: Nomani | H632: 23 | I632: 8280 | J632: 209617.04
A633: Amir Tayyab | B633: D0030OB1 | C633: D0030 | D633: Ahmed Nasir | E633: Personal Care | F633: Tegra RZ | G633: Nomani | H633: 3 | I633: 864 | J633: 14560.288
A634: Amir Tayyab | B634: D0030OB1 | C634: D0030 | D634: Ahmed Nasir | E634: Sanitary Napkin | F634: YES | G634: Nomani | H634: 12 | I634: 5760 | J634: 59915.824
A635: Amir Tayyab | B635: D0030OB1 | C635: D0030 | D635: Ahmed Nasir | E635: Wipes | F635: Bona Magic | G635: Nomani | H635: 25 | I635: 600 | J635: 89786.832
A636: Amir Tayyab | B636: D0030OB1 | C636: D0030 | D636: Ahmed Nasir | E636: Wipes | F636: Safa Care | G636: Nomani | H636: 8 | I636: 384 | J636: 8031.319
A637: Amir Tayyab | B637: D0030OB2 | C637: D0030 | D637: Muzaffar Yaseen | E637: Adult Diapers | F637: Safa Care | G637: Nomani | H637: 11 | I637: 1100 | J637: 111700.03
A638: Amir Tayyab | B638: D0030OB2 | C638: D0030 | D638: Muzaffar Yaseen | E638: Adult Diapers | F638: Truly | G638: Nomani | H638: 8 | I638: 800 | J638: 60377.078
A639: Amir Tayyab | B639: D0030OB2 | C639: D0030 | D639: Muzaffar Yaseen | E639: Baby Diapers | F639: Bona Magic | G639: Nomani | H639: 125 | I639: 44000 | J639: 1095593.5
... A1875: Arsalan Khan | B1875: D0517OB1 | C1875: D0517 | D1875: Muhammad Umar | E1875: Wipes | F1875: Safa Care | G1875: Arsalan | H1875: 7 | I1875: 336 | J1875: 7027.4041
A1876: Arsalan Khan | B1876: Trading | D1876: Trading | E1876: Baby Diapers | F1876: Ono | G1876: Arsalan Khan | H1876: 3000 | I1876: 0 | J1876: 17607450
A1877: Arsalan Khan | B1877: Trading | D1877: Trading | E1877: Baby Diapers | F1877: Sorex | G1877: Arsalan Khan | H1877: 500 | I1877: 0 | J1877: 3227890
A1878: Atif Akram | B1878: 9000002829 | C1878: D0134 | D1878: Muhammad Zeeshan | E1878: Baby Diapers | F1878: Bona Magic | G1878: Atif (FSD) | H1878: 100 | I1878: 35200 | J1878: 876474.82
A1879: Atif Akram | B1879: 9000002829 | C1879: D0134 | D1879: Muhammad Zeeshan | E1879: Wipes | F1879: Bona Magic | G1879: Atif (FSD) | H1879: 5 | I1879: 120 | J1879: 17957.366
A1880: Atif Akram | B1880: 9000003138 | C1880: D0355 | D1880: M.Burhan | E1880: Adult Diapers | F1880: Safa Care | G1880: Atif (FSD) | H1880: 3 | I1880: 300 | J1880: 30463.644
A1881: Atif Akram | B1881: 9000003138 | C1881: D0355 | D1881: M.Burhan | E1881: Adult Diapers | F1881: Sofped | G1881: Atif (FSD) | H1881: 4 | I1881: 400 | J1881: 49506.179
A1882: Atif Akram | B1882: 9000003138 | C1882: D0355 | D1882: M.Burhan | E1882: Adult Diapers | F1882: Truly | G1882: Atif (FSD) | H1882: 1 | I1882: 100 | J1882: 7547.1347
A1883: Atif Akram | B1883: 9000003138 | C1883: D0355 | D1883: M.Burhan | E1883: Baby Diapers | F1883: Bona Magic | G1883: Atif (FSD) | H1883: 110 | I1883: 38720 | J1883: 964122.31
A1884: Atif Akram | B1884: 9000003138 | C1884: D0355 | D1884: M.Burhan | E1884: Sanitary Napkin | F1884: YES | G1884: Atif (FSD) | H1884: 4 | I1884: 1920 | J1884: 19971.941
A1885: Atif Akram | B1885: 9000003138 | C1885: D0355 | D1885: M.Burhan | E1885: Wipes | F1885: Bona Magic | G1885: Atif (FSD) | H1885: 4 | I1885: 96 | J1885: 14365.893
A1886: Atif Akram | B1886: 9000003138 | C1886: D0355 | D1886: M.Burhan | E1886: Wipes | F1886: Safa Care | G1886: Atif (FSD) | H1886: 4 | I1886: 192 | J1886: 4015.6595
A1887: Atif Akram | B1887: 9000003323 | C1887: D0355 | D1887: Imran shahzad | E1887: Adult Diapers | F1887: Mimi Papa | G1887: Atif (FSD) | H1887: 5 | I1887: 500 | J1887: 52843.37
A1888: Atif Akram | B1888: 9000003323 | C1888: D0355 | D1888: Imran shahzad | E1888: Adult Diapers | F1888: Safa Care | G1888: Atif (FSD) | H1888: 5 | I1888: 500 | J1888: 50772.74
A1889: Atif Akram | B1889: 9000003323 | C1889: D0355 | D1889: Imran shahzad | E1889: Adult Diapers | F1889: Sofped | G1889: Atif (FSD) | H1889: 11 | I1889: 1100 | J1889: 136141.99
... A2842: Atif Akram | B2842: D0544OB3 | C2842: D0544 | D2842: TSM Bilal Traders | E2842: Sanitary Napkin | F2842: YES | G2842: Atif (Lhr) | H2842: 10 | I2842: 4800 | J2842: 49929.853
A2843: Atif Akram | B2843: Trading | D2843: Trading | E2843: Baby Diapers | F2843: Ono | G2843: atif | H2843: 3000 | I2843: 0 | J2843: 17607450
A2844: Atif Akram | B2844: Trading | D2844: Trading | E2844: Baby Diapers | F2844: Sorex | G2844: atif | H2844: 500 | I2844: 0 | J2844: 3227890
A2845: Farhan Khan | B2845: D0001OB2 | C2845: D0001 | D2845: ZAKIR Ahmed | E2845: Adult Diapers | F2845: Comtex | G2845: Farhan | H2845: 5 | I2845: 500 | J2845: 37800.121
A2846: Farhan Khan | B2846: D0001OB2 | C2846: D0001 | D2846: ZAKIR Ahmed | E2846: Adult Diapers | F2846: Dadu | G2846: Farhan | H2846: 1 | I2846: 100 | J2846: 10171.254
A2847: Farhan Khan | B2847: D0001OB2 | C2847: D0001 | D2847: ZAKIR Ahmed | E2847: Adult Diapers | F2847: Mimi Papa | G2847: Farhan | H2847: 5 | I2847: 500 | J2847: 52843.37
A2848: Farhan Khan | B2848: D0001OB2 | C2848: D0001 | D2848: ZAKIR Ahmed | E2848: Baby Diapers | F2848: Bona Papa Super | G2848: Farhan | H2848: 685 | I2848: 274000 | J2848: 5775977.9
A2849: Farhan Khan | B2849: D0001OB2 | C2849: D0001 | D2849: ZAKIR Ahmed | E2849: Baby Diapers | F2849: Bona Plus | G2849: Farhan | H2849: 15 | I2849: 6000 | J2849: 130635.4
A2850: Farhan Khan | B2850: D0001OB2 | C2850: D0001 | D2850: ZAKIR Ahmed | E2850: Baby Diapers | F2850: NaNa | G2850: Farhan | H2850: 2 | I2850: 800 | J2850: 18103.789
A2851: Farhan Khan | B2851: D0001OB2 | C2851: D0001 | D2851: ZAKIR Ahmed | E2851: Pants | F2851: NaNa | G2851: Farhan | H2851: 2 | I2851: 768 | J2851: 18638.779
A2852: Farhan Khan | B2852: D0001OB2 | C2852: D0001 | D2852: ZAKIR Ahmed | E2852: Sanitary Napkin | F2852: Nofea | G2852: Farhan | H2852: 50 | I2852: 16800 | J2852: 372381.87
A2853: Farhan Khan | B2853: D0001OB2 | C2853: D0001 | D2853: ZAKIR Ahmed | E2853: Toiletries | F2853: Bona Papa | G2853: Farhan | H2853: 2 | I2853: 192 | J2853: 0
A2854: Farhan Khan | B2854: D0001OB2 | C2854: D0001 | D2854: ZAKIR Ahmed | E2854: Toothbrush | F2854: Sorex | G2854: Farhan | H2854: 2 | I2854: 576 | J2854: 0
A2855: Farhan Khan | B2855: D0001OB2 | C2855: D0001 | D2855: ZAKIR Ahmed | E2855: Wipes | F2855: Bona Plus | G2855: Farhan | H2855: 8 | I2855: 192 | J2855: 25141.28
A2856: Farhan Khan | B2856: D0001OB2 | C2856: D0001 | D2856: ZAKIR Ahmed | E2856: Wipes | F2856: Danny | G2856: Farhan | H2856: 5 | I2856: 120 | J2856: 9197.4231
... A3828: Rashid Qureshi | B3828: D0430OB1 | C3828: D0430 | D3828: Waseem Ali Retail | E3828: Wipes | F3828: Nazuk | G3828: Rashid | H3828: 10 | I3828: 240 | J3828: 18851.217
A3829: Rashid Qureshi | B3829: Trading | D3829: Trading | E3829: Baby Diapers | F3829: Baby ji | G3829: Rashid | H3829: 10100 | I3829: 0 | J3829: 84185025
A3830: Rashid Qureshi | B3830: Trading | D3830: Trading | E3830: Baby Diapers | F3830: Sorex | G3830: Rashid | H3830: 500 | I3830: 0 | J3830: 3227890
A3831: Shahid Pervaiz | B3831: D0281OB1 | C3831: D0281 | D3831: Arshad Nisar | E3831: Adult Diapers | F3831: Sofped | G3831: Shahid | H3831: 70 | I3831: 7000 | J3831: 866358.13
A3832: Shahid Pervaiz | B3832: D0281OB1 | C3832: D0281 | D3832: Arshad Nisar | E3832: Baby Diapers | F3832: Bona Magic | G3832: Shahid | H3832: 395 | I3832: 139040 | J3832: 3462075.6
A3833: Shahid Pervaiz | B3833: D0281OB1 | C3833: D0281 | D3833: Arshad Nisar | E3833: Baby Diapers | F3833: Momse | G3833: Shahid | H3833: 572 | I3833: 164736 | J3833: 4691658.4
A3834: Shahid Pervaiz | B3834: D0281OB1 | C3834: D0281 | D3834: Arshad Nisar | E3834: Baby Diapers | F3834: NaNa | G3834: Shahid | H3834: 166 | I3834: 66400 | J3834: 1502614.5
A3835: Shahid Pervaiz | B3835: D0281OB1 | C3835: D0281 | D3835: Arshad Nisar | E3835: Pants | F3835: Momse | G3835: Shahid | H3835: 274 | I3835: 52608 | J3835: 2275800.6
A3836: Shahid Pervaiz | B3836: D0281OB1 | C3836: D0281 | D3836: Arshad Nisar | E3836: Sanitary Napkin | F3836: Nofea | G3836: Shahid | H3836: 120 | I3836: 40320 | J3836: 893716.48
A3837: Shahid Pervaiz | B3837: D0281OB1 | C3837: D0281 | D3837: Arshad Nisar | E3837: Wipes | F3837: Bona Magic | G3837: Shahid | H3837: 66 | I3837: 1584 | J3837: 237037.24
A3838: Shahid Pervaiz | B3838: D0281OB1 | C3838: D0281 | D3838: Arshad Nisar | E3838: Wipes | F3838: Momse | G3838: Shahid | H3838: 85 | I3838: 2040 | J3838: 634324.66
A3839: Shahid Pervaiz | B3839: D0281OB1 | C3839: D0281 | D3839: Arshad Nisar | E3839: Wipes | F3839: NaNa | G3839: Shahid | H3839: 50 | I3839: 1200 | J3839: 172203.23
A3840: Shahid Pervaiz | B3840: D0288OB1 | C3840: D0288 | D3840: Shawal | E3840: Adult Diapers | F3840: Sofped | G3840: Shahid | H3840: 50 | I3840: 5000 | J3840: 618827.24
A3841: Shahid Pervaiz | B3841: D0288OB1 | C3841: D0288 | D3841: Shawal | E3841: Baby Diapers | F3841: Bona Magic | G3841: Shahid | H3841: 284 | I3841: 99968 | J3841: 2489188.5
A3842: Shahid Pervaiz | B3842: D0288OB1 | C3842: D0288 | D3842: Shawal | E3842: Baby Diapers | F3842: Momse | G3842: Shahid | H3842: 416 | I3842: 119808 | J3842: 3412115.2
... A3893: Shahid Pervaiz | B3893: D0288OB6 | C3893: D0288 | D3893: Bilal Anwar | E3893: Wipes | F3893: NaNa | G3893: Shahid | H3893: 44 | I3893: 1056 | J3893: 151538.85
A3894: Shahid Pervaiz | B3894: Owais Mehmood/katryia Retail | C3894: 3400940 | E3894: Adult Diapers | F3894: Sofped | G3894: Shahid | H3894: 80 | I3894: 8000 | J3894: 990123.58
A3895: Shahid Pervaiz | B3895: Owais Mehmood/katryia Retail | C3895: 3400940 | E3895: Baby Diapers | F3895: Bona Magic | G3895: Shahid | H3895: 650 | I3895: 228800 | J3895: 5697086.4
A3896: Shahid Pervaiz | B3896: Owais Mehmood/katryia Retail | C3896: 3400940 | E3896: Baby Diapers | F3896: Momse | G3896: Shahid | H3896: 550 | I3896: 158400 | J3896: 4511210
A3897: Shahid Pervaiz | B3897: Owais Mehmood/katryia Retail | C3897: 3400940 | E3897: Pants | F3897: Momse | G3897: Shahid | H3897: 350 | I3897: 67200 | J3897: 2907044.6
A3898: Shahid Pervaiz | B3898: Owais Mehmood/katryia Retail | C3898: 3400940 | E3898: Wipes | F3898: Bona Magic | G3898: Shahid | H3898: 400 | I3898: 9600 | J3898: 1436589.3
A3899: Shahid Pervaiz | B3899: Owais Mehmood/katryia Retail | C3899: 3400940 | E3899: Wipes | F3899: Momse | G3899: Shahid | H3899: 252 | I3899: 6048 | J3899: 1880586.1
A3900: Waqar Ahmed | B3900: 9000001702 | C3900: D0436 | D3900: Abdul Qadeer | E3900: Adult Diapers | F3900: Mimi Papa | G3900: waqar | H3900: 1 | I3900: 100 | J3900: 10568.674
A3901: Waqar Ahmed | B3901: 9000001702 | C3901: D0436 | D3901: Abdul Qadeer | E3901: Baby Diapers | F3901: Bona Magic | G3901: waqar | H3901: 150 | I3901: 52800 | J3901: 1314712.2
A3902: Waqar Ahmed | B3902: 9000001702 | C3902: D0436 | D3902: Abdul Qadeer | E3902: Baby Diapers | F3902: Momse | G3902: waqar | H3902: 5 | I3902: 1440 | J3902: 41011
A3903: Waqar Ahmed | B3903: 9000001702 | C3903: D0436 | D3903: Abdul Qadeer | E3903: Pants | F3903: Momse | G3903: waqar | H3903: 3 | I3903: 576 | J3903: 24917.525
A3904: Waqar Ahmed | B3904: 9000001702 | C3904: D0436 | D3904: Abdul Qadeer | E3904: Sanitary Napkin | F3904: Nofea | G3904: waqar | H3904: 3 | I3904: 1008 | J3904: 22342.912
A3905: Waqar Ahmed | B3905: 9000001702 | C3905: D0436 | D3905: Abdul Qadeer | E3905: Wipes | F3905: Bona Magic | G3905: waqar | H3905: 2 | I3905: 48 | J3905: 7182.9465
A3906: Waqar Ahmed | B3906: 9000001702 | C3906: D0436 | D3906: Abdul Qadeer | E3906: Wipes | F3906: Safa Care | G3906: waqar | H3906: 3 | I3906: 144 | J3906: 3011.7446
A3907: Waqar Ahmed | B3907: 9000002024 | C3907: D0190 | D3907: Syed Saqib Shah | E3907: Adult Diapers | F3907: Comtex | G3907: waqar | H3907: 4 | I3907: 400 | J3907: 30240.097
A3908: Waqar Ahmed | B3908: 9000002024 | C3908: D0190 | D3908: Syed Saqib Shah | E3908: Baby Diapers | F3908: NaNa | G3908: waqar | H3908: 100 | I3908: 40000 | J3908: 905189.44
A3909: Waqar Ahmed | B3909: 9000002024 | C3909: D0190 | D3909: Syed Saqib Shah | E3909: Pants | F3909: NaNa | G3909: waqar | H3909: 2 | I3909: 768 | J3909: 18638.779
A3910: Waqar Ahmed | B3910: 9000002024 | C3910: D0190 | D3910: Syed Saqib Shah | E3910: Sanitary Napkin | F3910: Didi | G3910: waqar | H3910: 8 | I3910: 3840 | J3910: 38508.246
A3911: Waqar Ahmed | B3911: 9000002024 | C3911: D0190 | D3911: Syed Saqib Shah | E3911: Wipes | F3911: Didi | G3911: waqar | H3911: 5 | I3911: 120 | J3911: 41.029562
... A4465: Waqar Ahmed | B4465: DO457OB1 | C4465: D0425 | D4465: ASIM MANZOOR | E4465: Wipes | F4465: Safa Care | G4465: waqar | H4465: 4 | I4465: 192 | J4465: 4015.6595
A4466: Waqar Ahmed | B4466: Trading | D4466: Trading | E4466: Baby Diapers | F4466: Ono | G4466: waqar | H4466: 2000 | I4466: 0 | J4466: 11738300
A4467: Waqar Ahmed | B4467: Trading | D4467: Trading | E4467: Baby Diapers | F4467: Sorex | G4467: waqar | H4467: 500 | I4467: 0 | J4467: 3227890
A4468: Grand Total | H4468: 305459.72 | I4468: 96375582 | J4468: 2.4569434e+09

Sheet Distributor Mapping
A1: DistributorCode | B1: Distributor Sap Code | C1: Distributor Sap Name | D1: Channel | E1: New Region | F1: Area | G1: Sub Area | H1: Territory | I1: BU Model | J1: Sales Manager | K1: New Region | L1: Type | M1: Remarks | N1: Segment
A2: D0001 | B2: 3400081 | C2: Ayan Trading | D2: Bona Papa GT | E2: KHI Bona & Super Plus | F2: Karachi | G2: Gulistan-e-Johar | H2: Gulistan-e-Johar | I2: Bona super & plus | J2: Farhan | K2: KHI Bona & Super Plus | L2: Direct Distributor | M2: Top Town | N2: General Trade
A3: D0002 | B3: 3400088 | C3: Sufyan Traders | D3: Bona Papa GT | E3: KHI Bona & Super Plus | F3: Karachi | G3: Karimabad | H3: Karimabad | I3: Bona super & plus | J3: Farhan | K3: KHI Bona & Super Plus | L3: Direct Distributor | M3: Top Town | N3: General Trade
A4: D0003 | B4: 3400089 | C4: Usman Trader | D4: Bona Papa GT | E4: KHI Bona & Super Plus | F4: Karachi | G4: North Karachi | H4: North Karachi | I4: Bona super & plus | J4: Farhan | K4: KHI Bona & Super Plus | L4: Direct Distributor | M4: Top Town | N4: General Trade
A5: D0005 | B5: 3400091 | C5: K.F Traders | D5: Bona Papa GT | E5: KHI Bona & Super Plus | F5: Karachi | G5: Baldia Town | H5: Baldia Town | I5: Bona super & plus | J5: Farhan | K5: KHI Bona & Super Plus | L5: Direct Distributor | M5: Top Town | N5: General Trade
A6: D0007 | B6: 3400084 | C6: Alishba Traders | D6: Bona Papa GT | E6: KHI Bona & Super Plus | F6: Karachi | G6: Old City Area | H6: Old City Area | I6: Bona super & plus | J6: Farhan | K6: KHI Bona & Super Plus | L6: Direct Distributor | M6: Top Town | N6: General Trade
A7: D0008 | B7: 3400083 | C7: Qadri 2 | D7: Bona Papa GT | E7: KHI Bona & Super Plus | F7: Karachi | G7: Shah faisal | H7: Shah faisal | I7: Bona super & plus | J7: Farhan | K7: KHI Bona & Super Plus | L7: Direct Distributor | M7: Top Town | N7: General Trade
A8: D0009 | B8: 3400085 | C8: M.R.S Global | D8: Bona Papa GT | E8: KHI Bona & Super Plus | F8: Karachi | G8: Jodia Bazar | H8: Jodia Bazar | I8: Bona super & plus | J8: Farhan | K8: KHI Bona & Super Plus | L8: Direct Distributor | M8: Top Town | N8: General Trade
A9: D0011 | B9: 3400086 | C9: Memon Traders | D9: Bona Papa GT | E9: KHI Bona & Super Plus | F9: Karachi | G9: Gulshan-e-Hadeed | H9: Gulshan-e-Hadeed | I9: Bona super & plus | J9: Farhan | K9: KHI Bona & Super Plus | L9: Direct Distributor | M9: Top Town | N9: General Trade
A10: D0012 | B10: 3400082 | C10: Qadri Traders 1 | D10: Bona Papa GT | E10: KHI Bona & Super Plus | F10: Karachi | G10: Korangi | H10: Korangi | I10: Bona super & plus | J10: Farhan | K10: KHI Bona & Super Plus | L10: Direct Distributor | M10: Top Town | N10: General Trade
A11: D0013 | B11: D0013 | C11: Ab Trader | D11: Nana Smarty GT | E11: Multan Region | F11: Lahore | G11: Sabzazar | H11: Sabzazar | I11: Nana Smarty | J11: Adeel Yasin | K11: Multan Region | L11: Sub Distributor | M11: Top Town | N11: General Trade
A12: D0014 | B12: D0014 | C12: Impact Marketing | D12: Nana Smarty GT | E12: Lahore Region | F12: Lahore | G12: Lahore | H12: Lahore | I12: Nana Smarty | J12: Adeel Yasin | K12: Lahore Region | L12: Sub Distributor | M12: Top Town | N12: General Trade
A13: D0015 | B13: D0015 | C13: Tawakal Trader | D13: GT | E13: Lahore Region | F13: Lahore | G13: Lahore | H13: Lahore | I13: unassigned | J13: unassigned | K13: Lahore Region | L13: Direct Distributor | N13: General Trade
A14: D0016 | B14: D0016 | C14: Abdur Rehman Trader | D14: GT | E14: Lahore Region | F14: Lahore | G14: Lahore | H14: Lahore | I14: unassigned | J14: unassigned | K14: Lahore Region | L14: Direct Distributor | N14: General Trade
A15: D0017 | B15: D0017 | C15: Talha Trader Lahore Nana | D15: GT | E15: Lahore Region | F15: Lahore | G15: Lahore | H15: Lahore | I15: unassigned | J15: unassigned | K15: Lahore Region | L15: Direct Distributor | N15: General Trade
A16: D0018 | B16: D0018 | C16: Rehbar Enterprises | D16: GT | E16: Lahore Region | F16: Lahore | G16: Lahore | H16: Lahore | I16: unassigned | J16: unassigned | K16: Lahore Region | L16: Sub Distributor | N16: General Trade
A17: D0019 | B17: 3400246 | C17: Ahsan Marketing | D17: Nana Smarty GT | E17: Lahore Region | F17: Lahore | G17: Lahore | H17: Lahore | I17: Nana Smarty | J17: Adeel Yasin | K17: Lahore Region | L17: Direct Distributor | N17: General Trade
A18: D0020 | B18: D0020 | C18: Al- Hilal Agencies | D18: Nana Smarty GT | E18: Multan Region | F18: Multan | G18: Multan | H18: Multan | I18: Nana Smarty | J18: Adeel Yasin | K18: Multan Region | L18: Sub Distributor | M18: Top Town | N18: General Trade
A19: D0021 | B19: 3400530 | C19: Bilal Distributor | D19: Modern Trade | E19: LMT South | F19: Karachi | G19: Karachi | H19: Karachi | I19: LMT | J19: Mustafa Nasir | K19: LMT South | L19: Direct Distributor | M19: Top Town | N19: Modern Trade & KA
A20: D0023 | B20: 3400837 | C20: Raheem Gul Traders | D20: Nana Smarty GT | E20: Peshawar Region | F20: Peshawar | G20: Mingora | H20: Mingora | I20: Nana Smarty | J20: Adeel Yasin | K20: Peshawar Region | L20: Direct Distributor | N20: General Trade
A21: D0024 | B21: 3400067 | C21: Ankd Group | D21: Nana Smarty GT | E21: South Magic | F21: Karachi | G21: Korangi Zaman Town | H21: Korangi Zaman Town | I21: Nana Smarty | J21: Adeel Yasin | K21: South Magic | L21: Direct Distributor | M21: Top Town | N21: General Trade
A22: D0026 | B22: 3400066 | C22: Un Traders | D22: Nana Smarty GT | E22: South Magic | F22: Karachi | G22: Orangi Town | H22: Orangi Town | I22: Nana Smarty | J22: Adeel Yasin | K22: South Magic | L22: Direct Distributor | M22: Top Town | N22: General Trade
A23: D0027 | B23: 3400065 | C23: Ubi Traders | D23: Nana Smarty GT | E23: South Magic | F23: Karachi | G23: Korangi Causeway | H23: Korangi Causeway | I23: Nana Smarty | J23: Adeel Yasin | K23: South Magic | L23: Direct Distributor | M23: Top Town | N23: General Trade
A24: D0028 | B24: D0028 | C24: M Iqbal Traders | D24: Bona Papa GT | E24: South Plus & Super | F24: Larkana | G24: Larkana | H24: Larkana | I24: Bona super & plus | J24: Amir Tayyab | K24: South Plus & Super | L24: Sub Distributor | M24: Top Town | N24: General Trade
A25: D0029 | B25: 3400039 | C25: Aleena Star Enterprises | D25: GT | E25: South Plus & Super | F25: Hyderabad | G25: Hyderabad | H25: Hyderabad | I25: unassigned | J25: unassigned | K25: South Plus & Super | L25: Direct Distributor | N25: General Trade
A26: D0030 | B26: 3400011 | C26: Ayan Trading | D26: Bona Papa GT | E26: South Plus & Super | F26: Karachi | G26: Gulistan e Johar | H26: Gulistan e Johar | I26: Bona Magic | J26: Amir tayyab | K26: South Plus & Super | L26: Direct Distributor | M26: Top Town | N26: General Trade
A27: D0031 | B27: 3400039 | C27: Aleena Star Enterprises | D27: Bona Papa GT | E27: South Plus & Super | F27: Hyderabad | G27: Hyderabad | H27: Hyderabad | I27: Bona super & plus | J27: Amir tayyab | K27: South Plus & Super | L27: Master Distributor | N27: General Trade
A28: D0038 | B28: 3400043 | C28: Star Enterprises | D28: Bona Papa GT | E28: South Plus & Super | F28: Hyderabad | G28: Hyderabad | H28: Hyderabad | I28: Bona super & plus | J28: Amir tayyab | K28: South Plus & Super | L28: Master Distributor | N28: General Trade
A29: D0039 | B29: 3400239 | C29: Khan Traders | D29: Nana Smarty GT | E29: Multan Region | F29: Faisalabad | G29: Sargodha | H29: Sargodha | I29: Nana Smarty | J29: Adeel Yasin | K29: Multan Region | L29: Master Distributor | N29: General Trade
A30: D0041 | B30: D0041 | C30: M Muzammil Traders | D30: Bona Papa GT | E30: South Plus & Super | F30: Sukkur | G30: Sukkur | H30: Sukkur | I30: Bona super & plus | J30: Amir Tayyab | K30: South Plus & Super | L30: Sub Distributor | M30: Top Town | N30: General Trade
A31: D0042 | B31: 3400595 | C31: Rk Traders | D31: Nana Smarty GT | E31: Peshawar Region | F31: Peshawar | G31: Peshawar | H31: Peshawar | I31: Nana Smarty | J31: Adeel Yasin | K31: Peshawar Region | L31: Master Distributor | N31: General Trade
A32: D0043 | B32: 3400846 | C32: Sm Traders | D32: Nana Smarty GT | E32: Lahore Region | F32: Sialkot | G32: Sialkot | H32: Sialkot | I32: Nana Smarty | J32: Adeel Yasin | K32: Lahore Region | L32: Master Distributor | N32: General Trade
A33: D0044 | B33: 3400494 | C33: Mm Traders | D33: GT | E33: Lahore Region | F33: Gujranwala | G33: Gujranwala | H33: Gujranwala | I33: unassigned | J33: unassigned | K33: Lahore Region | L33: Direct Distributor | N33: General Trade
A34: D0045 | B34: D0045 | C34: Choudary Brothers | D34: Nana Smarty GT | E34: Lahore Region | F34: Gujranwala | G34: Gujranwala | H34: Kangniwala | I34: Nana Smarty | J34: Adeel Yasin | K34: Lahore Region | L34: Sub Distributor | M34: Top Town | N34: General Trade
A35: D0046 | B35: 3400234 | C35: A H Traders | D35: GT | E35: Islamabad Region | F35: Islamabad | G35: Rawalpindi | H35: Rawalpindi | I35: unassigned | J35: unassigned | K35: Islamabad Region | L35: Master Distributor | N35: General Trade
A36: D0047 | B36: 3400557 | C36: Ali Naeem & Company | D36: Bona Papa GT | E36: Multan Region | F36: Multan | G36: Bahawal Pur | H36: Bahawal Pur | I36: Bona Magic | J36: Atif Akram | K36: Multan Region | L36: Master Distributor | N36: General Trade
A37: D0048 | B37: D0048 | C37: Shoaib Agencies | D37: GT | E37: Islamabad Region | F37: Islamabad | G37: Rawalpindi | H37: Rawalpindi | I37: unassigned | J37: unassigned | K37: Islamabad Region | L37: Sub Distributor | N37: General Trade
A38: D0049 | B38: D0049 | C38: Khan Enterprises | D38: Nana Smarty GT | E38: Islamabad Region | F38: Islamabad | G38: Rawalpindi | H38: Rawalpindi | I38: Nana Smarty | J38: Adeel Yasin | K38: Islamabad Region | L38: Sub Distributor | N38: General Trade
A39: D0050 | B39: D0050 | C39: Azan Traders | D39: GT | E39: Islamabad Region | F39: Islamabad | G39: Rawalpindi | H39: Rawalpindi | I39: unassigned | J39: unassigned | K39: Islamabad Region | L39: Sub Distributor | N39: General Trade
A40: D0051 | B40: D0051 | C40: Fahad Medicine | D40: GT | E40: Peshawar Region | F40: Peshawar | G40: Peshawar | H40: Kohat | I40: unassigned | J40: unassigned | K40: Peshawar Region | L40: Sub Distributor | N40: General Trade
A41: D0052 | B41: 3400012 | C41: Usman Traders | D41: Bona Papa GT | E41: South Plus & Super | F41: Karachi | G41: Karachi | H41: Karachi | I41: Bona Magic | J41: Amir tayyab | K41: South Plus & Super | L41: Direct Distributor | M41: Top Town | N41: General Trade
A42: D0054 | B42: 3400016 | C42: ARSALAN ENTERPRISES | D42: Bona Papa GT | E42: South Plus & Super | F42: Karachi | G42: Karachi | H42: Karachi | I42: Bona super & plus | J42: Amir Tayyab | K42: South Plus & Super | L42: Direct Distributor | M42: Top Town | N42: General Trade
A43: D0055 | B43: 3400009 | C43: Hassan Traders | D43: Bona Papa GT | E43: South Plus & Super | F43: Karachi | G43: North Karachi | H43: North Karachi | I43: Bona Magic | J43: Amir tayyab | K43: South Plus & Super | L43: Direct Distributor | M43: Top Town | N43: General Trade
A44: D0056 | B44: 3400010 | C44: Qb Marketing | D44: Bona Papa GT | E44: South Plus & Super | F44: Karachi | G44: Korangi | H44: Korangi | I44: Bona Magic | J44: Amir tayyab | K44: South Plus & Super | L44: Direct Distributor | M44: Top Town | N44: General Trade
A45: D0057 | B45: 3400844 | C45: Paradise Metro Store | D45: Nana Smarty GT | E45: Peshawar Region | F45: Peshawar | G45: Timergara | H45: Timergara | I45: Nana Smarty | J45: Adeel Yasin | K45: Peshawar Region | L45: Master Distributor | N45: General Trade
A46: D0058 | B46: 3400013 | C46: M.R.S Global | D46: Bona Papa GT | E46: South Plus & Super | F46: Karachi | G46: Bolton Market | H46: Bolton Market | I46: Bona Magic | J46: Amir tayyab | K46: South Plus & Super | L46: Direct Distributor | M46: Top Town | N46: General Trade
A47: D0061 | B47: 3400723 | C47: I A Traders | D47: Nana Smarty GT | E47: South Magic | F47: Karachi | G47: Karachi | H47: Karachi | I47: Nana Smarty | J47: Adeel Yasin | K47: South Magic | L47: Direct Distributor | M47: Top Town | N47: General Trade
A48: D0066 | B48: 3400037 | C48: Ab Marketing | D48: Bona Papa GT | E48: Lahore Region | F48: Faisalabad | G48: Faisalabad | H48: Faisalabad | I48: Bona Papa | J48: Atif Akram | K48: Lahore Region | L48: Master Distributor | N48: General Trade
A49: D0067 | B49: 3400021 | C49: Wahid Traders | D49: Bona Papa GT | E49: South Plus & Super | F49: Hyderabad | G49: Hyderabad | H49: Hyderabad | I49: Bona Magic | J49: Amir tayyab | K49: South Plus & Super | L49: Master Distributor | M49: Top Town | N49: General Trade
A50: D0068 | B50: 3400063 | C50: As Enterprises | D50: Nana Smarty GT | E50: South Magic | F50: Hyderabad | G50: Hyderabad | H50: Hyderabad | I50: Nana Smarty | J50: Adeel Yasin | K50: South Magic | L50: Master Distributor | N50: General Trade
A51: D0071 | B51: 3400017 | C51: Mustafa Marketing | D51: Bona Papa GT | E51: Lahore Region | F51: Faisalabad | G51: Faisalabad | H51: Faisalabad | I51: Bona Magic | J51: Atif Akram | K51: Lahore Region | L51: Master Distributor | N51: General Trade
A52: D0072 | B52: 3400060 | C52: Hamza Traders | D52: Bona Papa GT | E52: Lahore Region | F52: Faisalabad | G52: Faisalabad | H52: Faisalabad | I52: Bona Magic | J52: Atif Akram | K52: Lahore Region | L52: Master Distributor | M52: Top Town | N52: General Trade
A53: D0073 | B53: D0073 | C53: Waseem Trader | D53: Nana Smarty GT | E53: South Magic | F53: Hyderabad | G53: Hyderabad | H53: Hyderabad | I53: Nana Smarty | J53: Adeel Yasin | K53: South Magic | L53: Sub Distributor | N53: General Trade
A54: D0074 | B54: D0074 | C54: Ansari Trader | D54: Nana Smarty GT | E54: South Magic | F54: Hyderabad | G54: Hyderabad | H54: Hyderabad | I54: Nana Smarty | J54: Adeel Yasin | K54: South Magic | L54: Sub Distributor | N54: General Trade
A55: D0075 | B55: D0075 | C55: Akbari Traders | D55: GT | E55: Lahore Region | F55: Lahore | G55: Lahore | H55: Lahore | I55: unassigned | J55: unassigned | K55: Lahore Region | L55: Sub Distributor | N55: General Trade
A56: D0076 | B56: D0076 | C56: Bilal Traders | D56: Bona Papa GT | E56: Lahore Region | F56: Lahore | G56: Lahore | H56: Lahore | I56: Bona Magic | J56: Atif Akram | K56: Lahore Region | L56: Sub Distributor | N56: General Trade
A57: D0077 | B57: D0077 | C57: Tiptop Traders | D57: GT | E57: Lahore Region | F57: Lahore | G57: Lahore | H57: Lahore | I57: unassigned | J57: unassigned | K57: Lahore Region | L57: Sub Distributor | N57: General Trade
A58: D0078 | B58: D0078 | C58: Yahya Traders | D58: GT | E58: Lahore Region | F58: Lahore | G58: Lahore | H58: Lahore | I58: unassigned | J58: unassigned | K58: Lahore Region | L58: Sub Distributor | N58: General Trade
A59: D0079 | B59: D0079 | C59: Rachna Marketing Lahore Magic | D59: GT | E59: Lahore Region | F59: Lahore | G59: Lahore | H59: Lahore | I59: unassigned | J59: unassigned | K59: Lahore Region | L59: Sub Distributor | N59: General Trade
A60: D0080 | B60: 3400045 | C60: Al Rehman Trader | D60: Bona Papa GT | E60: Islamabad Region | F60: Islamabad | G60: Rawalpindi | H60: Rawalpindi | I60: Bona Magic | J60: Waqar Ahmad | K60: Islamabad Region | L60: Master Distributor | N60: General Trade
A61: D0081 | B61: 3400649 | C61: Msc Trader | D61: Bona Papa GT | E61: Lahore Region | F61: Lahore | G61: Lahore | H61: Lahore | I61: Bona Magic | J61: Atif Akram | K61: Lahore Region | L61: Direct Distributor | N61: General Trade
A62: D0082 | B62: 3400064 | C62: Waseem Brother | D62: Bona Papa GT | E62: Lahore Region | F62: Lahore | G62: Lahore | H62: Lahore | I62: Bona Magic | J62: Atif Akram | K62: Lahore Region | L62: Direct Distributor | N62: General Trade
A63: D0083 | B63: 3400068 | C63: Zeeshan Traders | D63: GT | E63: Lahore Region | F63: Lahore | G63: Lahore | H63: Lahore | I63: unassigned | J63: unassigned | K63: Lahore Region | L63: Master Distributor | N63: General Trade
A64: D0084 | B64: D0084 | C64: Aa Martketing Lhe Momse | D64: GT | E64: Lahore Region | F64: Lahore | G64: Lahore | H64: Lahore | I64: unassigned | J64: unassigned | K64: Lahore Region | L64: Sub Distributor | N64: General Trade
A65: D0085 | B65: 3400305 | C65: Al Rehman Traders | D65: Nana Smarty GT | E65: Islamabad Region | F65: Islamabad | G65: Rawalpindi | H65: Rawalpindi | I65: Nana Smarty | J65: Adeel Yasin | K65: Islamabad Region | L65: Master Distributor | N65: General Trade
A66: D0086 | B66: 3400077 | C66: Qureshi Traders | D66: GT | E66: Islamabad Region | F66: Islamabad | G66: Rawalpindi | H66: Rawalpindi | I66: unassigned | J66: unassigned | K66: Islamabad Region | L66: Master Distributor | N66: General Trade
A67: D0087 | B67: 3400077 | C67: Qureshi Distributors | D67: GT | E67: Islamabad Region | F67: Islamabad | G67: Rawalpindi | H67: Rawalpindi | I67: unassigned | J67: unassigned | K67: Islamabad Region | L67: Master Distributor | N67: General Trade
A68: D0088 | B68: 3400031 | C68: Irshad Traders - Sole | D68: Bona Papa GT | E68: Multan Region | F68: Multan | G68: Multan | H68: Multan | I68: Bona Magic | J68: Atif Akram | K68: Multan Region | L68: Master Distributor | N68: General Trade
A69: D0089 | B69: 3400038 | C69: Meraj Traders | D69: Bona Papa GT | E69: Multan Region | F69: Multan | G69: Multan | H69: Multan | I69: Bona Pro Plus | J69: Muhammad Kamran | K69: Multan Region | L69: Master Distributor | M69: Top Town | N69: General Trade
A70: D0090 | B70: 3400072 | C70: Active Enterprises | D70: Momse GT | E70: Multan Region | F70: Multan | G70: Multan | H70: Multan | I70: MOMSE | J70: Mustafa Nasir | K70: Multan Region | L70: Master Distributor | M70: Top Town | N70: General Trade
A71: D0091 | B71: 3400723 | C71: 786 Traders | D71: Nana Smarty GT | E71: South Magic | F71: Karachi | G71: Karachi | H71: Karachi | I71: Nana Smarty | J71: Adeel Yasin | K71: South Magic | L71: Direct Distributor | M71: Top Town | N71: General Trade
A72: D0092 | B72: 3400019 | C72: Rehan Enterprises | D72: GT | E72: Peshawar Region | F72: Peshawar | G72: Peshawar | H72: Peshawar | I72: unassigned | J72: unassigned | K72: Peshawar Region | L72: Master Distributor | N72: General Trade
A73: D0093 | B73: D0093 | C73: Mohib Enterprises | D73: GT | E73: Peshawar Region | F73: Peshawar | G73: Peshawar | H73: Peshawar | I73: unassigned | J73: unassigned | K73: Peshawar Region | L73: Sub Distributor | N73: General Trade
A74: D0094 | B74: 3400762 | C74: Zeb Enterprises | D74: Bona Papa GT | E74: Peshawar Region | F74: Peshawar | G74: Peshawar | H74: Peshawar | I74: Bona Magic | J74: Waqar Ahmad | K74: Peshawar Region | L74: Direct Distributor | N74: General Trade
A75: D0095 | B75: 3400040 | C75: Oma Enterprises | D75: Bona Papa GT | E75: Peshawar Region | F75: Peshawar | G75: Peshawar | H75: Peshawar | I75: Bona Magic | J75: Waqar Ahmad | K75: Peshawar Region | L75: Master Distributor | N75: General Trade
A76: D0096 | B76: 3400073 | C76: Irfan Traders | D76: Bona Papa GT | E76: Peshawar Region | F76: Peshawar | G76: Peshawar | H76: Peshawar | I76: Bona Magic | J76: Waqar Ahmad | K76: Peshawar Region | L76: Master Distributor | M76: Top Town | N76: General Trade
A77: D0097 | B77: 3400723 | C77: Shamim Traders | D77: Nana Smarty GT | E77: South Magic | F77: Karachi | G77: Karachi | H77: Karachi | I77: Nana Smarty | J77: Adeel Yasin | K77: South Magic | L77: Direct Distributor | M77: Top Town | N77: General Trade
A78: D0098 | B78: D0098 | C78: Jugnu Tech Private Limited - LMT | D78: KA | E78: Lahore Region | F78: Lahore | G78: Lahore | H78: Lahore | I78: unassigned | J78: unassigned | K78: Lahore Region | L78: Direct Distributor | N78: General Trade
A79: D0099 | B79: D0099 | C79: Nafees Traders | D79: Nana Smarty GT | E79: South Magic | F79: Sukkur | G79: Sukkur | H79: Sukkur | I79: Nana Smarty | J79: Adeel Yasin | K79: South Magic | L79: Sub Distributor | M79: Top Town | N79: General Trade
A80: D0101 | B80: D0101 | C80: Sla Traders | D80: GT | E80: Lahore Region | F80: Lahore | G80: Lahore | H80: Lahore | I80: unassigned | J80: unassigned | K80: Lahore Region | L80: Sub Distributor | N80: General Trade
A81: D0102 | B81: 3400235 | C81: Sa Distribution | D81: Nana Smarty GT | E81: Multan Region | F81: Faisalabad | G81: Faisalabad | H81: Faisalabad | I81: Nana Smarty | J81: Adeel Yasin | K81: Multan Region | L81: Master Distributor | N81: General Trade
A82: D0104 | B82: 3400046 | C82: Makka Traders | D82: Bona Papa GT | E82: South Plus & Super | F82: Sukkur | G82: Sukkur | H82: Sukkur | I82: Bona super & plus | J82: Amir Tayyab | K82: South Plus & Super | L82: Master Distributor | N82: General Trade
A83: D0105 | B83: 3400032 | C83: Madina Traders | D83: Bona Papa GT | E83: South Plus & Super | F83: Sukkur | G83: Sukkur | H83: Sukkur | I83: Bona Magic | J83: Amir Tayyab | K83: South Plus & Super | L83: Master Distributor | N83: General Trade
A84: D0106 | B84: 3400614 | C84: Bukhari Traders | D84: Nana Smarty GT | E84: South Magic | F84: Sukkur | G84: Sukkur | H84: Sukkur | I84: Nana Smarty | J84: Adeel Yasin | K84: South Magic | L84: Master Distributor | N84: General Trade
A85: D0108 | B85: 3400042 | C85: M Ashfaq Traders | D85: Bona Papa GT | E85: South Plus & Super | F85: Larkana | G85: Larkana | H85: Larkana | I85: Bona super & plus | J85: Amir Tayyab | K85: South Plus & Super | L85: Master Distributor | N85: General Trade
A86: D0109 | B86: 3400621 | C86: Faheem Traders | D86: Bona Papa GT | E86: KHI Bona & Super Plus | F86: Karachi | G86: Tariq Road | H86: Tariq Road | I86: Bona super & plus | J86: Farhan | K86: KHI Bona & Super Plus | L86: Direct Distributor | M86: Top Town | N86: General Trade
A87: D0110 | B87: 3400622 | C87: Sabzwari Traders | D87: Bona Papa GT | E87: KHI Bona & Super Plus | F87: Karachi | G87: Garden | H87: Garden | I87: Bona super & plus | J87: Farhan | K87: KHI Bona & Super Plus | L87: Direct Distributor | M87: Top Town | N87: General Trade
A88: D0111 | B88: 3400845 | C88: Progressive Marketing | D88: Nana Smarty GT | E88: Lahore Region | F88: Lahore | G88: Lahore | H88: Lahore | I88: Nana Smarty | J88: Adeel Yasin | K88: Lahore Region | L88: Master Distributor | N88: General Trade
A89: D0112 | B89: D0112 | C89: Vision Marketing | D89: Bona Papa GT | E89: Lahore Region | F89: Lahore | G89: Lahore | H89: Lahore | I89: Bona Magic | J89: Atif Akram | K89: Lahore Region | L89: Sub Distributor | N89: General Trade
A90: D0114 | B90: 3400723 | C90: Ahsan Enterprises | D90: Nana Smarty GT | E90: South Magic | F90: Karachi | G90: Karachi | H90: Karachi | I90: Nana Smarty | J90: Adeel Yasin | K90: South Magic | L90: Direct Distributor | M90: Top Town | N90: General Trade
A91: D0115 | B91: 3400639 | C91: Hamza Brothers | D91: Bona Papa GT | E91: Lahore Region | F91: Lahore | G91: Lahore | H91: Lahore | I91: Bona Magic | J91: Atif Akram | K91: Lahore Region | L91: Master Distributor | N91: General Trade
A92: D0116 | B92: 3400850 | C92: Sy Traders | D92: Nana Smarty GT | E92: South Magic | F92: Sukkur | G92: Quetta | H92: Quetta | I92: Nana Smarty | J92: Adeel Yasin | K92: South Magic | L92: Master Distributor | M92: Top Town | N92: General Trade
A93: D0117 | B93: 3400248 | C93: Yameen Traders | D93: Nana Smarty GT | E93: South Magic | F93: Sukkur | G93: Quetta | H93: Quetta | I93: Nana Smarty | J93: Adeel Yasin | K93: South Magic | L93: Direct Distributor | N93: General Trade
A94: D0118 | B94: 3400635 | C94: Insaaf Traders | D94: Nana Smarty GT | E94: South Magic | F94: Sukkur | G94: Quetta | H94: Quetta | I94: Nana Smarty | J94: Adeel Yasin | K94: South Magic | L94: Master Distributor | N94: General Trade
A95: D0119 | B95: D0119 | C95: Hafiz Brothers | D95: Bona Papa GT | E95: Lahore Region | F95: Lahore | G95: Lahore | H95: Northern Lahore | I95: Bona Magic | J95: Atif Akram | K95: Lahore Region | L95: Sub Distributor | M95: Top Town | N95: General Trade
A96: D0120 | B96: 3400629 | C96: H S Brothers | D96: GT | E96: Lahore Region | F96: Sheikhupura | G96: Sheikhupura | H96: Sheikhpura | I96: unassigned | J96: unassigned | K96: Lahore Region | L96: Master Distributor | N96: General Trade
A97: D0121 | B97: D0121 | C97: 101 Marketing | D97: GT | E97: Lahore Region | F97: Sheikhupura | G97: Sheikhupura | H97: Sheikhpura | I97: unassigned | J97: unassigned | K97: Lahore Region | L97: Sub Distributor | N97: General Trade
A98: D0122 | B98: 3400604 | C98: Bashir & Co - Sole | D98: Bona Papa GT | E98: Lahore Region | F98: Gujranwala | G98: Gujranwala | H98: Gujranwala | I98: Bona Magic | J98: Atif Akram | K98: Lahore Region | L98: Master Distributor | N98: General Trade
A99: D0124 | B99: 3400656 | C99: Nasir & Sons | D99: Bona Papa GT | E99: Lahore Region | F99: Gujranwala | G99: Gujranwala | H99: Gujranwala | I99: Bona Magic | J99: Atif Akram | K99: Lahore Region | L99: Master Distributor | N99: General Trade
A100: D0128 | B100: D0128 | C100: Lahore Pharma | D100: GT | E100: Lahore Region | F100: Lahore | G100: Lahore | H100: Lahore | I100: unassigned | J100: unassigned | K100: Lahore Region | L100: Sub Distributor | N100: General Trade
...

Sheet Raw Data in Target
A1: Name | B1: Salesflo AppUser Code | C1: AppUser Name | D1: OB Status | E1: Dist Code | F1: Dist Name | G1: Brand | H1: Category | I1: Key | J1: SKU Code | K1: Cases | L1: Sku Active | M1: Pack Size | N1: Units | O1: Value | P1: Trim Distributor Code | Q1: Sap Code | R1: SKU Code Status | S1: Booker Code Status | T1: Manager name | U1: BU | V1: Category Name | W1: Brand Name | X1: Distributor Status
A2: Ali Nazi | B2: D0013OB10 | C2: Mubeen Amir | D2: Active | E2: D0013 | F2: Ab Trader | G2: NANA SMARTY | H2: DIAPER | I2: NANA SMARTYDIAPER | J2: SKU00323 | K2: 140 | L2: Active | M2: =Table1[[#This Row],[Cases]]*Table1[[#This Row],[Pack Size]] -> 0 | N2: =Table1[[#This Row],[Cases]]*Table1[[#This Row],[Pack Size]] -> 56000 | O2: =IFERROR(VLOOKUP(Table1[[#This Row],[SKU Code]],'SKU Size'!$G:$H,2,FALSE),0)*Table1[[#This Row],[Cases]] -> 1267265.2 | P2: =TRIM(E2) -> D0013 | Q2: =IFERROR(VLOOKUP(Table1[[#This Row],[Trim Distributor Code]],Sheet1!$N:$O,2,FALSE),0) -> D0381 | R2: =IFERROR(VLOOKUP(Table1[[#This Row],[Salesflo AppUser Code]],HIE!$A:$B,2,FALSE),0) -> 0 | S2: =IFERROR(VLOOKUP(Table1[[#This Row],[Salesflo AppUser Code]],HIE!$A:$B,2,FALSE),0) -> 0 | T2: Ali Niazi | U2: Multan | V2: Baby Diapers | W2: NaNa | X2: =IFERROR(VLOOKUP( Table1[[#This Row],[Trim Distributor Code]],Sheet1!$A:$J,10,FALSE),0) -> Active
A3: Ali Nazi | B3: D0013OB10 | C3: Mubeen Amir | D3: Active | E3: D0013 | F3: Ab Trader | G3: NANA SMARTY | H3: PANTS | I3: NANA SMARTYPANTS | J3: SKU00344 | K3: 2.5 | L3: Active | M3: =Table1[[#This Row],[Cases]]*Table1[[#This Row],[Pack Size]] -> 0 | N3: =Table1[[#This Row],[Cases]]*Table1[[#This Row],[Pack Size]] -> 960 | O3: =IFERROR(VLOOKUP(Table1[[#This Row],[SKU Code]],'SKU Size'!$G:$H,2,FALSE),0)*Table1[[#This Row],[Cases]] -> 23298.474 | P3: =TRIM(E3) -> D0013 | Q3: =IFERROR(VLOOKUP(Table1[[#This Row],[Trim Distributor Code]],Sheet1!$N:$O,2,FALSE),0) -> D0381 | R3: =IFERROR(VLOOKUP(Table1[[#This Row],[Salesflo AppUser Code]],HIE!$A:$B,2,FALSE),0) -> 0 | S3: =IFERROR(VLOOKUP(Table1[[#This Row],[Salesflo AppUser Code]],HIE!$A:$B,2,FALSE),0) -> 0 | T3: Ali Niazi | U3: Multan | V3: Pants | W3: NaNa | X3: =IFERROR(VLOOKUP( Table1[[#This Row],[Trim Distributor Code]],Sheet1!$A:$J,10,FALSE),0) -> Active
A4: Ali Nazi | B4: D0013OB10 | C4: Mubeen Amir | D4: Active | E4: D0013 | F4: Ab Trader | G4: NANA SMARTY | H4: WIPES | I4: NANA SMARTYWIPES | J4: SKU00342 | K4: 5 | L4: Active | M4: =Table1[[#This Row],[Cases]]*Table1[[#This Row],[Pack Size]] -> 0 | N4: =Table1[[#This Row],[Cases]]*Table1[[#This Row],[Pack Size]] -> 120 | O4: =IFERROR(VLOOKUP(Table1[[#This Row],[SKU Code]],'SKU Size'!$G:$H,2,FALSE),0)*Table1[[#This Row],[Cases]] -> 17220.323 | P4: =TRIM(E4) -> D0013 | Q4: =IFERROR(VLOOKUP(Table1[[#This Row],[Trim Distributor Code]],Sheet1!$N:$O,2,FALSE),0) -> D0381 | R4: =IFERROR(VLOOKUP(Table1[[#This Row],[Salesflo AppUser Code]],HIE!$A:$B,2,FALSE),0) -> 0 | S4: =IFERROR(VLOOKUP(Table1[[#This Row],[Salesflo AppUser Code]],HIE!$A:$B,2,FALSE),0) -> 0 | T4: Ali Niazi | U4: Multan | V4: Wipes | W4: NaNa | X4: =IFERROR(VLOOKUP( Table1[[#This Row],[Trim Distributor Code]],Sheet1!$A:$J,10,FALSE),0) -> Active
A5: Ali Nazi | B5: D0013OB10 | C5: Mubeen Amir | D5: Active | E5: D0013 | F5: Ab Trader | G5: DADU | H5: ADULT DIAPER | I5: DADUADULT DIAPER | J5: SKU00340 | K5: 10 | L5: Active | M5: =Table1[[#This Row],[Cases]]*Table1[[#This Row],[Pack Size]] -> 0 | N5: =Table1[[#This Row],[Cases]]*Table1[[#This Row],[Pack Size]] -> 1000 | O5: =IFERROR(VLOOKUP(Table1[[#This Row],[SKU Code]],'SKU Size'!$G:$H,2,FALSE),0)*Table1[[#This Row],[Cases]] -> 101712.54 | P5: =TRIM(E5) -> D0013 | Q5: =IFERROR(VLOOKUP(Table1[[#This Row],[Trim Distributor Code]],Sheet1!$N:$O,2,FALSE),0) -> D0381 | R5: =IFERROR(VLOOKUP(Table1[[#This Row],[Salesflo AppUser Code]],HIE!$A:$B,2,FALSE),0) -> 0 | S5: =IFERROR(VLOOKUP(Table1[[#This Row],[Salesflo AppUser Code]],HIE!$A:$B,2,FALSE),0) -> 0 | T5: Ali Niazi | U5: Multan | V5: Adult Diapers | W5: Dadu | X5: =IFERROR(VLOOKUP( Table1[[#This Row],[Trim Distributor Code]],Sheet1!$A:$J,10,FALSE),0) -> Active
A6: Ali Nazi | B6: D0013OB10 | C6: Mubeen Amir | D6: Active | E6: D0013 | F6: Ab Trader | G6: COMTEX | H6: ADULT DIAPER | I6: COMTEXADULT DIAPER | J6: SKU00691 | K6: 2.5 | L6: Active | M6: =Table1[[#This Row],[Cases]]*Table1[[#This Row],[Pack Size]] -> 0 | N6: =Table1[[#This Row],[Cases]]*Table1[[#This Row],[Pack Size]] -> 250 | O6: =IFERROR(VLOOKUP(Table1[[#This Row],[SKU Code]],'SKU Size'!$G:$H,2,FALSE),0)*Table1[[#This Row],[Cases]] -> 18900.061 | P6: =TRIM(E6) -> D0013 | Q6: =IFERROR(VLOOKUP(Table1[[#This Row],[Trim Distributor Code]],Sheet1!$N:$O,2,FALSE),0) -> D0381 | R6: =IFERROR(VLOOKUP(Table1[[#This Row],[Salesflo AppUser Code]],HIE!$A:$B,2,FALSE),0) -> 0 | S6: =IFERROR(VLOOKUP(Table1[[#This Row],[Salesflo AppUser Code]],HIE!$A:$B,2,FALSE),0) -> 0 | T6: Ali Niazi | U6: Multan | V6: Adult Diapers | W6: Comtex | X6: =IFERROR(VLOOKUP( Table1[[#This Row],[Trim Distributor Code]],Sheet1!$A:$J,10,FALSE),0) -> Active
A7: Ali Nazi | B7: D0013OB10 | C7: Mubeen Amir | D7: Active | E7: D0013 | F7: Ab Trader | G7: DIDI | H7: SANITARY NAPKIN | I7: DIDISANITARY NAPKIN | J7: SKU00724 | K7: 10 | L7: Active | M7: =Table1[[#This Row],[Cases]]*Table1[[#This Row],[Pack Size]] -> 0 | N7: =Table1[[#This Row],[Cases]]*Table1[[#This Row],[Pack Size]] -> 4800 | O7: =IFERROR(VLOOKUP(Table1[[#This Row],[SKU Code]],'SKU Size'!$G:$H,2,FALSE),0)*Table1[[#This Row],[Cases]] -> 48135.308 | P7: =TRIM(E7) -> D0013 | Q7: =IFERROR(VLOOKUP(Table1[[#This Row],[Trim Distributor Code]],Sheet1!$N:$O,2,FALSE),0) -> D0381 | R7: =IFERROR(VLOOKUP(Table1[[#This Row],[Salesflo AppUser Code]],HIE!$A:$B,2,FALSE),0) -> 0 | S7: =IFERROR(VLOOKUP(Table1[[#This Row],[Salesflo AppUser Code]],HIE!$A:$B,2,FALSE),0) -> 0 | T7: Ali Niazi | U7: Multan | V7: Sanitary Napkin | W7: Didi | X7: =IFERROR(VLOOKUP( Table1[[#This Row],[Trim Distributor Code]],Sheet1!$A:$J,10,FALSE),0) -> Active
A8: Ali Nazi | B8: D0013OB10 | C8: Mubeen Amir | D8: Active | E8: D0013 | F8: Ab Trader | G8: DIDI | H8: WIPES | I8: DIDIWIPES | J8: SKU00352 | K8: 10 | L8: Active | M8: =Table1[[#This Row],[Cases]]*Table1[[#This Row],[Pack Size]] -> 0 | N8: =Table1[[#This Row],[Cases]]*Table1[[#This Row],[Pack Size]] -> 240 | O8: =IFERROR(VLOOKUP(Table1[[#This Row],[SKU Code]],'SKU Size'!$G:$H,2,FALSE),0)*Table1[[#This Row],[Cases]] -> 19303.368 | P8: =TRIM(E8) -> D0013 | Q8: =IFERROR(VLOOKUP(Table1[[#This Row],[Trim Distributor Code]],Sheet1!$N:$O,2,FALSE),0) -> D0381 | R8: =IFERROR(VLOOKUP(Table1[[#This Row],[Salesflo AppUser Code]],HIE!$A:$B,2,FALSE),0) -> 0 | S8: =IFERROR(VLOOKUP(Table1[[#This Row],[Salesflo AppUser Code]],HIE!$A:$B,2,FALSE),0) -> 0 | T8: Ali Niazi | U8: Multan | V8: Wipes | W8: Didi | X8: =IFERROR(VLOOKUP( Table1[[#This Row],[Trim Distributor Code]],Sheet1!$A:$J,10,FALSE),0) -> Active
A9: Ali Nazi | B9: D0013OB11 | C9: Muazam | D9: Active | E9: D0013 | F9: Ab Trader | G9: NANA SMARTY | H9: DIAPER | I9: NANA SMARTYDIAPER | J9: SKU00323 | K9: 140 | L9: Active | M9: =Table1[[#This Row],[Cases]]*Table1[[#This Row],[Pack Size]] -> 0 | N9: =Table1[[#This Row],[Cases]]*Table1[[#This Row],[Pack Size]] -> 56000 | O9: =IFERROR(VLOOKUP(Table1[[#This Row],[SKU Code]],'SKU Size'!$G:$H,2,FALSE),0)*Table1[[#This Row],[Cases]] -> 1267265.2 | P9: =TRIM(E9) -> D0013 | Q9: =IFERROR(VLOOKUP(Table1[[#This Row],[Trim Distributor Code]],Sheet1!$N:$O,2,FALSE),0) -> D0381 | R9: =IFERROR(VLOOKUP(Table1[[#This Row],[Salesflo AppUser Code]],HIE!$A:$B,2,FALSE),0) -> 0 | S9: =IFERROR(VLOOKUP(Table1[[#This Row],[Salesflo AppUser Code]],HIE!$A:$B,2,FALSE),0) -> 0 | T9: Ali Niazi | U9: Multan | V9: Baby Diapers | W9: NaNa | X9: =IFERROR(VLOOKUP( Table1[[#This Row],[Trim Distributor Code]],Sheet1!$A:$J,10,FALSE),0) -> Active
A10: Ali Nazi | B10: D0013OB11 | C10: Muazam | D10: Active | E10: D0013 | F10: Ab Trader | G10: NANA SMARTY | H10: PANTS | I10: NANA SMARTYPANTS | J10: SKU00344 | K10: 2.5 | L10: Active | M10: =Table1[[#This Row],[Cases]]*Table1[[#This Row],[Pack Size]] -> 0 | N10: =Table1[[#This Row],[Cases]]*Table1[[#This Row],[Pack Size]] -> 960 | O10: =IFERROR(VLOOKUP(Table1[[#This Row],[SKU Code]],'SKU Size'!$G:$H,2,FALSE),0)*Table1[[#This Row],[Cases]] -> 23298.474 | P10: =TRIM(E10) -> D0013 | Q10: =IFERROR(VLOOKUP(Table1[[#This Row],[Trim Distributor Code]],Sheet1!$N:$O,2,FALSE),0) -> D0381 | R10: =IFERROR(VLOOKUP(Table1[[#This Row],[Salesflo AppUser Code]],HIE!$A:$B,2,FALSE),0) -> 0 | S10: =IFERROR(VLOOKUP(Table1[[#This Row],[Salesflo AppUser Code]],HIE!$A:$B,2,FALSE),0) -> 0 | T10: Ali Niazi | U10: Multan | V10: Pants | W10: NaNa | X10: =IFERROR(VLOOKUP( Table1[[#This Row],[Trim Distributor Code]],Sheet1!$A:$J,10,FALSE),0) -> Active
A11: Ali Nazi | B11: D0013OB11 | C11: Muazam | D11: Active | E11: D0013 | F11: Ab Trader | G11: NANA SMARTY | H11: WIPES | I11: NANA SMARTYWIPES | J11: SKU00342 | K11: 5 | L11: Active | M11: =Table1[[#This Row],[Cases]]*Table1[[#This Row],[Pack Size]] -> 0 | N11: =Table1[[#This Row],[Cases]]*Table1[[#This Row],[Pack Size]] -> 120 | O11: =IFERROR(VLOOKUP(Table1[[#This Row],[SKU Code]],'SKU Size'!$G:$H,2,FALSE),0)*Table1[[#This Row],[Cases]] -> 17220.323 | P11: =TRIM(E11) -> D0013 | Q11: =IFERROR(VLOOKUP(Table1[[#This Row],[Trim Distributor Code]],Sheet1!$N:$O,2,FALSE),0) -> D0381 | R11: =IFERROR(VLOOKUP(Table1[[#This Row],[Salesflo AppUser Code]],HIE!$A:$B,2,FALSE),0) -> 0 | S11: =IFERROR(VLOOKUP(Table1[[#This Row],[Salesflo AppUser Code]],HIE!$A:$B,2,FALSE),0) -> 0 | T11: Ali Niazi | U11: Multan | V11: Wipes | W11: NaNa | X11: =IFERROR(VLOOKUP( Table1[[#This Row],[Trim Distributor Code]],Sheet1!$A:$J,10,FALSE),0) -> Active
A12: Ali Nazi | B12: D0013OB11 | C12: Muazam | D12: Active | E12: D0013 | F12: Ab Trader | G12: DADU | H12: ADULT DIAPER | I12: DADUADULT DIAPER | J12: SKU00340 | K12: 10 | L12: Active | M12: =Table1[[#This Row],[Cases]]*Table1[[#This Row],[Pack Size]] -> 0 | N12: =Table1[[#This Row],[Cases]]*Table1[[#This Row],[Pack Size]] -> 1000 | O12: =IFERROR(VLOOKUP(Table1[[#This Row],[SKU Code]],'SKU Size'!$G:$H,2,FALSE),0)*Table1[[#This Row],[Cases]] -> 101712.54 | P12: =TRIM(E12) -> D0013 | Q12: =IFERROR(VLOOKUP(Table1[[#This Row],[Trim Distributor Code]],Sheet1!$N:$O,2,FALSE),0) -> D0381 | R12: =IFERROR(VLOOKUP(Table1[[#This Row],[Salesflo AppUser Code]],HIE!$A:$B,2,FALSE),0) -> 0 | S12: =IFERROR(VLOOKUP(Table1[[#This Row],[Salesflo AppUser Code]],HIE!$A:$B,2,FALSE),0) -> 0 | T12: Ali Niazi | U12: Multan | V12: Adult Diapers | W12: Dadu | X12: =IFERROR(VLOOKUP( Table1[[#This Row],[Trim Distributor Code]],Sheet1!$A:$J,10,FALSE),0) -> Active
A13: Ali Nazi | B13: D0013OB11 | C13: Muazam | D13: Active | E13: D0013 | F13: Ab Trader | G13: COMTEX | H13: ADULT DIAPER | I13: COMTEXADULT DIAPER | J13: SKU00691 | K13: 2.5 | L13: Active | M13: =Table1[[#This Row],[Cases]]*Table1[[#This Row],[Pack Size]] -> 0 | N13: =Table1[[#This Row],[Cases]]*Table1[[#This Row],[Pack Size]] -> 250 | O13: =IFERROR(VLOOKUP(Table1[[#This Row],[SKU Code]],'SKU Size'!$G:$H,2,FALSE),0)*Table1[[#This Row],[Cases]] -> 18900.061 | P13: =TRIM(E13) -> D0013 | Q13: =IFERROR(VLOOKUP(Table1[[#This Row],[Trim Distributor Code]],Sheet1!$N:$O,2,FALSE),0) -> D0381 | R13: =IFERROR(VLOOKUP(Table1[[#This Row],[Salesflo AppUser Code]],HIE!$A:$B,2,FALSE),0) -> 0 | S13: =IFERROR(VLOOKUP(Table1[[#This Row],[Salesflo AppUser Code]],HIE!$A:$B,2,FALSE),0) -> 0 | T13: Ali Niazi | U13: Multan | V13: Adult Diapers | W13: Comtex | X13: =IFERROR(VLOOKUP( Table1[[#This Row],[Trim Distributor Code]],Sheet1!$A:$J,10,FALSE),0) -> Active
... A365: Raza (Ali Nazi) | B365: D0314OB3 | C365: Tanveer Shahzad Shahzad Outstations | D365: Active | E365: D0314 | F365: MJ Traders | G365: Didi | H365: WIPES | I365: DidiWIPES | J365: SKU00588 | K365: 20 | L365: Active | M365: =Table1[[#This Row],[Cases]]*Table1[[#This Row],[Pack Size]] -> 0 | N365: =Table1[[#This Row],[Cases]]*Table1[[#This Row],[Pack Size]] -> 480 | O365: =IFERROR(VLOOKUP(Table1[[#This Row],[SKU Code]],'SKU Size'!$G:$H,2,FALSE),0)*Table1[[#This Row],[Cases]] -> 164.11825 | P365: =TRIM(E365) -> D0314 | Q365: =IFERROR(VLOOKUP(Table1[[#This Row],[Trim Distributor Code]],Sheet1!$N:$O,2,FALSE),0) -> 3400842 | R365: =IFERROR(VLOOKUP(Table1[[#This Row],[Salesflo AppUser Code]],HIE!$A:$B,2,FALSE),0) -> Active | S365: =IFERROR(VLOOKUP(Table1[[#This Row],[Salesflo AppUser Code]],HIE!$A:$B,2,FALSE),0) -> Active | T365: Ali Niazi | U365: Multan | V365: Wipes | W365: Didi | X365: =IFERROR(VLOOKUP( Table1[[#This Row],[Trim Distributor Code]],Sheet1!$A:$J,10,FALSE),0) -> Active
A366: Raza (Ali Nazi) | B366: D0422OB1 | C366: Adeel Shahzad | D366: 0 | E366: D0422 | F366: Perfect Marketing | G366: BONA MAGIC | H366: DIAPER | I366: BONA MAGICDIAPER | J366: SKU00300 | K366: 260 | L366: Active | M366: =Table1[[#This Row],[Cases]]*Table1[[#This Row],[Pack Size]] -> 0 | N366: =Table1[[#This Row],[Cases]]*Table1[[#This Row],[Pack Size]] -> 91520 | O366: =IFERROR(VLOOKUP(Table1[[#This Row],[SKU Code]],'SKU Size'!$G:$H,2,FALSE),0)*Table1[[#This Row],[Cases]] -> 2278834.5 | P366: =TRIM(E366) -> D0422 | Q366: =IFERROR(VLOOKUP(Table1[[#This Row],[Trim Distributor Code]],Sheet1!$N:$O,2,FALSE),0) -> 3400996 | R366: =IFERROR(VLOOKUP(Table1[[#This Row],[Salesflo AppUser Code]],HIE!$A:$B,2,FALSE),0) -> Active | S366: =IFERROR(VLOOKUP(Table1[[#This Row],[Salesflo AppUser Code]],HIE!$A:$B,2,FALSE),0) -> Active | T366: Ali Niazi | U366: Multan | V366: Baby Diapers | W366: Bona Magic | X366: =IFERROR(VLOOKUP( Table1[[#This Row],[Trim Distributor Code]],Sheet1!$A:$J,10,FALSE),0) -> Active
A367: Raza (Ali Nazi) | B367: D0422OB1 | C367: Adeel Shahzad | D367: 0 | E367: D0422 | F367: Perfect Marketing | G367: TRULY | H367: ADULT DIAPER | I367: TRULYADULT DIAPER | J367: SKU00695 | K367: 3 | L367: Active | M367: =Table1[[#This Row],[Cases]]*Table1[[#This Row],[Pack Size]] -> 0 | N367: =Table1[[#This Row],[Cases]]*Table1[[#This Row],[Pack Size]] -> 300 | O367: =IFERROR(VLOOKUP(Table1[[#This Row],[SKU Code]],'SKU Size'!$G:$H,2,FALSE),0)*Table1[[#This Row],[Cases]] -> 22641.404 | P367: =TRIM(E367) -> D0422 | Q367: =IFERROR(VLOOKUP(Table1[[#This Row],[Trim Distributor Code]],Sheet1!$N:$O,2,FALSE),0) -> 3400996 | R367: =IFERROR(VLOOKUP(Table1[[#This Row],[Salesflo AppUser Code]],HIE!$A:$B,2,FALSE),0) -> Active | S367: =IFERROR(VLOOKUP(Table1[[#This Row],[Salesflo AppUser Code]],HIE!$A:$B,2,FALSE),0) -> Active | T367: Ali Niazi | U367: Multan | V367: Adult Diapers | W367: Truly | X367: =IFERROR(VLOOKUP( Table1[[#This Row],[Trim Distributor Code]],Sheet1!$A:$J,10,FALSE),0) -> Active
A368: Raza (Ali Nazi) | B368: D0422OB1 | C368: Adeel Shahzad | D368: 0 | E368: D0422 | F368: Perfect Marketing | G368: BONA MAGIC | H368: WIPES | I368: BONA MAGICWIPES | J368: SKU00292 | K368: 10 | L368: Active | M368: =Table1[[#This Row],[Cases]]*Table1[[#This Row],[Pack Size]] -> 0 | N368: =Table1[[#This Row],[Cases]]*Table1[[#This Row],[Pack Size]] -> 240 | O368: =IFERROR(VLOOKUP(Table1[[#This Row],[SKU Code]],'SKU Size'!$G:$H,2,FALSE),0)*Table1[[#This Row],[Cases]] -> 35914.733 | P368: =TRIM(E368) -> D0422 | Q368: =IFERROR(VLOOKUP(Table1[[#This Row],[Trim Distributor Code]],Sheet1!$N:$O,2,FALSE),0) -> 3400996 | R368: =IFERROR(VLOOKUP(Table1[[#This Row],[Salesflo AppUser Code]],HIE!$A:$B,2,FALSE),0) -> Active | S368: =IFERROR(VLOOKUP(Table1[[#This Row],[Salesflo AppUser Code]],HIE!$A:$B,2,FALSE),0) -> Active | T368: Ali Niazi | U368: Multan | V368: Wipes | W368: Bona Magic | X368: =IFERROR(VLOOKUP( Table1[[#This Row],[Trim Distributor Code]],Sheet1!$A:$J,10,FALSE),0) -> Active
A369: Raza (Ali Nazi) | B369: D0422OB1 | C369: Adeel Shahzad | D369: 0 | E369: D0422 | F369: Perfect Marketing | G369: SAFA CARE | H369: WIPES | I369: SAFA CAREWIPES | J369: SKU00698 | K369: 10 | L369: Active | M369: =Table1[[#This Row],[Cases]]*Table1[[#This Row],[Pack Size]] -> 0 | N369: =Table1[[#This Row],[Cases]]*Table1[[#This Row],[Pack Size]] -> 480 | O369: =IFERROR(VLOOKUP(Table1[[#This Row],[SKU Code]],'SKU Size'!$G:$H,2,FALSE),0)*Table1[[#This Row],[Cases]] -> 10039.149 | P369: =TRIM(E369) -> D0422 | Q369: =IFERROR(VLOOKUP(Table1[[#This Row],[Trim Distributor Code]],Sheet1!$N:$O,2,FALSE),0) -> 3400996 | R369: =IFERROR(VLOOKUP(Table1[[#This Row],[Salesflo AppUser Code]],HIE!$A:$B,2,FALSE),0) -> Active | S369: =IFERROR(VLOOKUP(Table1[[#This Row],[Salesflo AppUser Code]],HIE!$A:$B,2,FALSE),0) -> Active | T369: Ali Niazi | U369: Multan | V369: Wipes | W369: Safa Care | X369: =IFERROR(VLOOKUP( Table1[[#This Row],[Trim Distributor Code]],Sheet1!$A:$J,10,FALSE),0) -> Active
A370: Raza (Ali Nazi) | B370: D0422OB1 | C370: Adeel Shahzad | D370: 0 | E370: D0422 | F370: Perfect Marketing | G370: TEGRA | H370: PERSONAL CARE | I370: TEGRAPERSONAL CARE | J370: SKU00530 | K370: 2 | L370: Active | M370: =Table1[[#This Row],[Cases]]*Table1[[#This Row],[Pack Size]] -> 0 | N370: =Table1[[#This Row],[Cases]]*Table1[[#This Row],[Pack Size]] -> 576 | O370: =IFERROR(VLOOKUP(Table1[[#This Row],[SKU Code]],'SKU Size'!$G:$H,2,FALSE),0)*Table1[[#This Row],[Cases]] -> 9706.8585 | P370: =TRIM(E370) -> D0422 | Q370: =IFERROR(VLOOKUP(Table1[[#This Row],[Trim Distributor Code]],Sheet1!$N:$O,2,FALSE),0) -> 3400996 | R370: =IFERROR(VLOOKUP(Table1[[#This Row],[Salesflo AppUser Code]],HIE!$A:$B,2,FALSE),0) -> Active | S370: =IFERROR(VLOOKUP(Table1[[#This Row],[Salesflo AppUser Code]],HIE!$A:$B,2,FALSE),0) -> Active | T370: Ali Niazi | U370: Multan | V370: Personal Care | W370: Tegra RZ | X370: =IFERROR(VLOOKUP( Table1[[#This Row],[Trim Distributor Code]],Sheet1!$A:$J,10,FALSE),0) -> Active
A371: Raza (Ali Nazi) | B371: D0422OB1 | C371: Adeel Shahzad | D371: 0 | E371: D0422 | F371: Perfect Marketing | G371: TEGRA | H371: ORAL CARE | I371: TEGRAORAL CARE | J371: SKU00535 | K371: 2 | L371: Active | M371: =Table1[[#This Row],[Cases]]*Table1[[#This Row],[Pack Size]] -> 0 | N371: =Table1[[#This Row],[Cases]]*Table1[[#This Row],[Pack Size]] -> 288 | O371: =IFERROR(VLOOKUP(Table1[[#This Row],[SKU Code]],'SKU Size'!$G:$H,2,FALSE),0)*Table1[[#This Row],[Cases]] -> 11050.978 | P371: =TRIM(E371) -> D0422 | Q371: =IFERROR(VLOOKUP(Table1[[#This Row],[Trim Distributor Code]],Sheet1!$N:$O,2,FALSE),0) -> 3400996 | R371: =IFERROR(VLOOKUP(Table1[[#This Row],[Salesflo AppUser Code]],HIE!$A:$B,2,FALSE),0) -> Active | S371: =IFERROR(VLOOKUP(Table1[[#This Row],[Salesflo AppUser Code]],HIE!$A:$B,2,FALSE),0) -> Active | T371: Ali Niazi | U371: Multan | V371: Oral Care | W371: Tegra TB | X371: =IFERROR(VLOOKUP( Table1[[#This Row],[Trim Distributor Code]],Sheet1!$A:$J,10,FALSE),0) -> Active
A372: Raza (Ali Nazi) | B372: D0422OB2 | C372: Jahanzaib Javaid | D372: 0 | E372: D0422 | F372: Perfect Marketing | G372: BONA MAGIC | H372: DIAPER | I372: BONA MAGICDIAPER | J372: SKU00300 | K372: 375 | L372: Active | M372: =Table1[[#This Row],[Cases]]*Table1[[#This Row],[Pack Size]] -> 0 | N372: =Table1[[#This Row],[Cases]]*Table1[[#This Row],[Pack Size]] -> 132000 | O372: =IFERROR(VLOOKUP(Table1[[#This Row],[SKU Code]],'SKU Size'!$G:$H,2,FALSE),0)*Table1[[#This Row],[Cases]] -> 3286780.6 | P372: =TRIM(E372) -> D0422 | Q372: =IFERROR(VLOOKUP(Table1[[#This Row],[Trim Distributor Code]],Sheet1!$N:$O,2,FALSE),0) -> 3400996 | R372: =IFERROR(VLOOKUP(Table1[[#This Row],[Salesflo AppUser Code]],HIE!$A:$B,2,FALSE),0) -> Active | S372: =IFERROR(VLOOKUP(Table1[[#This Row],[Salesflo AppUser Code]],HIE!$A:$B,2,FALSE),0) -> Active | T372: Ali Niazi | U372: Multan | V372: Baby Diapers | W372: Bona Magic | X372: =IFERROR(VLOOKUP( Table1[[#This Row],[Trim Distributor Code]],Sheet1!$A:$J,10,FALSE),0) -> Active
A373: Raza (Ali Nazi) | B373: D0422OB2 | C373: Jahanzaib Javaid | D373: 0 | E373: D0422 | F373: Perfect Marketing | G373: TRULY | H373: ADULT DIAPER | I373: TRULYADULT DIAPER | J373: SKU00695 | K373: 5 | L373: Active | M373: =Table1[[#This Row],[Cases]]*Table1[[#This Row],[Pack Size]] -> 0 | N373: =Table1[[#This Row],[Cases]]*Table1[[#This Row],[Pack Size]] -> 500 | O373: =IFERROR(VLOOKUP(Table1[[#This Row],[SKU Code]],'SKU Size'!$G:$H,2,FALSE),0)*Table1[[#This Row],[Cases]] -> 37735.674 | P373: =TRIM(E373) -> D0422 | Q373: =IFERROR(VLOOKUP(Table1[[#This Row],[Trim Distributor Code]],Sheet1!$N:$O,2,FALSE),0) -> 3400996 | R373: =IFERROR(VLOOKUP(Table1[[#This Row],[Salesflo AppUser Code]],HIE!$A:$B,2,FALSE),0) -> Active | S373: =IFERROR(VLOOKUP(Table1[[#This Row],[Salesflo AppUser Code]],HIE!$A:$B,2,FALSE),0) -> Active | T373: Ali Niazi | U373: Multan | V373: Adult Diapers | W373: Truly | X373: =IFERROR(VLOOKUP( Table1[[#This Row],[Trim Distributor Code]],Sheet1!$A:$J,10,FALSE),0) -> Active
A374: Raza (Ali Nazi) | B374: D0422OB2 | C374: Jahanzaib Javaid | D374: 0 | E374: D0422 | F374: Perfect Marketing | G374: BONA MAGIC | H374: WIPES | I374: BONA MAGICWIPES | J374: SKU00292 | K374: 20 | L374: Active | M374: =Table1[[#This Row],[Cases]]*Table1[[#This Row],[Pack Size]] -> 0 | N374: =Table1[[#This Row],[Cases]]*Table1[[#This Row],[Pack Size]] -> 480 | O374: =IFERROR(VLOOKUP(Table1[[#This Row],[SKU Code]],'SKU Size'!$G:$H,2,FALSE),0)*Table1[[#This Row],[Cases]] -> 71829.465 | P374: =TRIM(E374) -> D0422 | Q374: =IFERROR(VLOOKUP(Table1[[#This Row],[Trim Distributor Code]],Sheet1!$N:$O,2,FALSE),0) -> 3400996 | R374: =IFERROR(VLOOKUP(Table1[[#This Row],[Salesflo AppUser Code]],HIE!$A:$B,2,FALSE),0) -> Active | S374: =IFERROR(VLOOKUP(Table1[[#This Row],[Salesflo AppUser Code]],HIE!$A:$B,2,FALSE),0) -> Active | T374: Ali Niazi | U374: Multan | V374: Wipes | W374: Bona Magic | X374: =IFERROR(VLOOKUP( Table1[[#This Row],[Trim Distributor Code]],Sheet1!$A:$J,10,FALSE),0) -> Active
A375: Raza (Ali Nazi) | B375: D0422OB3 | C375: Amir Aslam | D375: 0 | E375: D0422 | F375: Perfect Marketing | G375: BONA MAGIC | H375: DIAPER | I375: BONA MAGICDIAPER | J375: SKU00300 | K375: 250 | L375: Active | M375: =Table1[[#This Row],[Cases]]*Table1[[#This Row],[Pack Size]] -> 0 | N375: =Table1[[#This Row],[Cases]]*Table1[[#This Row],[Pack Size]] -> 88000 | O375: =IFERROR(VLOOKUP(Table1[[#This Row],[SKU Code]],'SKU Size'!$G:$H,2,FALSE),0)*Table1[[#This Row],[Cases]] -> 2191187.1 | P375: =TRIM(E375) -> D0422 | Q375: =IFERROR(VLOOKUP(Table1[[#This Row],[Trim Distributor Code]],Sheet1!$N:$O,2,FALSE),0) -> 3400996 | R375: =IFERROR(VLOOKUP(Table1[[#This Row],[Salesflo AppUser Code]],HIE!$A:$B,2,FALSE),0) -> Active | S375: =IFERROR(VLOOKUP(Table1[[#This Row],[Salesflo AppUser Code]],HIE!$A:$B,2,FALSE),0) -> Active | T375: Ali Niazi | U375: Multan | V375: Baby Diapers | W375: Bona Magic | X375: =IFERROR(VLOOKUP( Table1[[#This Row],[Trim Distributor Code]],Sheet1!$A:$J,10,FALSE),0) -> Active
A376: Raza (Ali Nazi) | B376: D0422OB3 | C376: Amir Aslam | D376: 0 | E376: D0422 | F376: Perfect Marketing | G376: TRULY | H376: ADULT DIAPER | I376: TRULYADULT DIAPER | J376: SKU00695 | K376: 3 | L376: Active | M376: =Table1[[#This Row],[Cases]]*Table1[[#This Row],[Pack Size]] -> 0 | N376: =Table1[[#This Row],[Cases]]*Table1[[#This Row],[Pack Size]] -> 300 | O376: =IFERROR(VLOOKUP(Table1[[#This Row],[SKU Code]],'SKU Size'!$G:$H,2,FALSE),0)*Table1[[#This Row],[Cases]] -> 22641.404 | P376: =TRIM(E376) -> D0422 | Q376: =IFERROR(VLOOKUP(Table1[[#This Row],[Trim Distributor Code]],Sheet1!$N:$O,2,FALSE),0) -> 3400996 | R376: =IFERROR(VLOOKUP(Table1[[#This Row],[Salesflo AppUser Code]],HIE!$A:$B,2,FALSE),0) -> Active | S376: =IFERROR(VLOOKUP(Table1[[#This Row],[Salesflo AppUser Code]],HIE!$A:$B,2,FALSE),0) -> Active | T376: Ali Niazi | U376: Multan | V376: Adult Diapers | W376: Truly | X376: =IFERROR(VLOOKUP( Table1[[#This Row],[Trim Distributor Code]],Sheet1!$A:$J,10,FALSE),0) -> Active
A377: Raza (Ali Nazi) | B377: D0422OB3 | C377: Amir Aslam | D377: 0 | E377: D0422 | F377: Perfect Marketing | G377: BONA MAGIC | H377: WIPES | I377: BONA MAGICWIPES | J377: SKU00292 | K377: 5 | L377: Active | M377: =Table1[[#This Row],[Cases]]*Table1[[#This Row],[Pack Size]] -> 0 | N377: =Table1[[#This Row],[Cases]]*Table1[[#This Row],[Pack Size]] -> 120 | O377: =IFERROR(VLOOKUP(Table1[[#This Row],[SKU Code]],'SKU Size'!$G:$H,2,FALSE),0)*Table1[[#This Row],[Cases]] -> 17957.366 | P377: =TRIM(E377) -> D0422 | Q377: =IFERROR(VLOOKUP(Table1[[#This Row],[Trim Distributor Code]],Sheet1!$N:$O,2,FALSE),0) -> 3400996 | R377: =IFERROR(VLOOKUP(Table1[[#This Row],[Salesflo AppUser Code]],HIE!$A:$B,2,FALSE),0) -> Active | S377: =IFERROR(VLOOKUP(Table1[[#This Row],[Salesflo AppUser Code]],HIE!$A:$B,2,FALSE),0) -> Active | T377: Ali Niazi | U377: Multan | V377: Wipes | W377: Bona Magic | X377: =IFERROR(VLOOKUP( Table1[[#This Row],[Trim Distributor Code]],Sheet1!$A:$J,10,FALSE),0) -> Active
... A499: Raza (Ali Nazi) | B499: D0426OB2 | C499: Husnain Murtaza | D499: 0 | E499: D0426 | F499: Pakistan Traders | G499: SAFA CARE | H499: WIPES | I499: SAFA CAREWIPES | J499: SKU00698 | K499: 10 | L499: Active | M499: =Table1[[#This Row],[Cases]]*Table1[[#This Row],[Pack Size]] -> 0 | N499: =Table1[[#This Row],[Cases]]*Table1[[#This Row],[Pack Size]] -> 480 | O499: =IFERROR(VLOOKUP(Table1[[#This Row],[SKU Code]],'SKU Size'!$G:$H,2,FALSE),0)*Table1[[#This Row],[Cases]] -> 10039.149 | P499: =TRIM(E499) -> D0426 | Q499: =IFERROR(VLOOKUP(Table1[[#This Row],[Trim Distributor Code]],Sheet1!$N:$O,2,FALSE),0) -> 3401003 | R499: =IFERROR(VLOOKUP(Table1[[#This Row],[Salesflo AppUser Code]],HIE!$A:$B,2,FALSE),0) -> 0 | S499: =IFERROR(VLOOKUP(Table1[[#This Row],[Salesflo AppUser Code]],HIE!$A:$B,2,FALSE),0) -> 0 | T499: Ali Niazi | U499: Multan | V499: Wipes | W499: Safa Care | X499: =IFERROR(VLOOKUP( Table1[[#This Row],[Trim Distributor Code]],Sheet1!$A:$J,10,FALSE),0) -> Active
A500: Umer hayat | B500: D0067OB5 | C500: Umer hayat | D500: Active | E500: D0067 | F500: Wahid Traders | G500: BONA MAGIC | H500: DIAPER | I500: BONA MAGICDIAPER | J500: SKU00300 | K500: 80 | L500: Active | M500: =Table1[[#This Row],[Cases]]*Table1[[#This Row],[Pack Size]] -> 0 | N500: =Table1[[#This Row],[Cases]]*Table1[[#This Row],[Pack Size]] -> 28160 | O500: =IFERROR(VLOOKUP(Table1[[#This Row],[SKU Code]],'SKU Size'!$G:$H,2,FALSE),0)*Table1[[#This Row],[Cases]] -> 701179.86 | P500: =TRIM(E500) -> D0067 | Q500: =IFERROR(VLOOKUP(Table1[[#This Row],[Trim Distributor Code]],Sheet1!$N:$O,2,FALSE),0) -> 3400021 | R500: =IFERROR(VLOOKUP(Table1[[#This Row],[Salesflo AppUser Code]],HIE!$A:$B,2,FALSE),0) -> Active | S500: =IFERROR(VLOOKUP(Table1[[#This Row],[Salesflo AppUser Code]],HIE!$A:$B,2,FALSE),0) -> Active | T500: Amir Tayyab | U500: South Plus & Super | V500: Baby Diapers | W500: Bona Magic | X500: =IFERROR(VLOOKUP( Table1[[#This Row],[Trim Distributor Code]],Sheet1!$A:$J,10,FALSE),0) -> Active
A501: Umer hayat | B501: D0067OB5 | C501: Umer hayat | D501: Active | E501: D0067 | F501: Wahid Traders | G501: BONA MAGIC | H501: PANTS | I501: BONA MAGICPANTS | J501: SKU00296 | K501: 50 | L501: Active | M501: =Table1[[#This Row],[Cases]]*Table1[[#This Row],[Pack Size]] -> 0 | N501: =Table1[[#This Row],[Cases]]*Table1[[#This Row],[Pack Size]] -> 18000 | O501: =IFERROR(VLOOKUP(Table1[[#This Row],[SKU Code]],'SKU Size'!$G:$H,2,FALSE),0)*Table1[[#This Row],[Cases]] -> 455689.21 | P501: =TRIM(E501) -> D0067 | Q501: =IFERROR(VLOOKUP(Table1[[#This Row],[Trim Distributor Code]],Sheet1!$N:$O,2,FALSE),0) -> 3400021 | R501: =IFERROR(VLOOKUP(Table1[[#This Row],[Salesflo AppUser Code]],HIE!$A:$B,2,FALSE),0) -> Active | S501: =IFERROR(VLOOKUP(Table1[[#This Row],[Salesflo AppUser Code]],HIE!$A:$B,2,FALSE),0) -> Active | T501: Amir Tayyab | U501: South Plus & Super | V501: Pants | W501: Bona Magic | X501: =IFERROR(VLOOKUP( Table1[[#This Row],[Trim Distributor Code]],Sheet1!$A:$J,10,FALSE),0) -> Active
A502: Umer hayat | B502: D0067OB5 | C502: Umer hayat | D502: Active | E502: D0067 | F502: Wahid Traders | G502: MIMI PAPA | H502: ADULT DIAPER | I502: MIMI PAPAADULT DIAPER | J502: SKU00269 | K502: 5 | L502: Active | M502: =Table1[[#This Row],[Cases]]*Table1[[#This Row],[Pack Size]] -> 0 | N502: =Table1[[#This Row],[Cases]]*Table1[[#This Row],[Pack Size]] -> 500 | O502: =IFERROR(VLOOKUP(Table1[[#This Row],[SKU Code]],'SKU Size'!$G:$H,2,FALSE),0)*Table1[[#This Row],[Cases]] -> 52843.37 | P502: =TRIM(E502) -> D0067 | Q502: =IFERROR(VLOOKUP(Table1[[#This Row],[Trim Distributor Code]],Sheet1!$N:$O,2,FALSE),0) -> 3400021 | R502: =IFERROR(VLOOKUP(Table1[[#This Row],[Salesflo AppUser Code]],HIE!$A:$B,2,FALSE),0) -> Active | S502: =IFERROR(VLOOKUP(Table1[[#This Row],[Salesflo AppUser Code]],HIE!$A:$B,2,FALSE),0) -> Active | T502: Amir Tayyab | U502: South Plus & Super | V502: Adult Diapers | W502: Mimi Papa | X502: =IFERROR(VLOOKUP( Table1[[#This Row],[Trim Distributor Code]],Sheet1!$A:$J,10,FALSE),0) -> Active
A503: Umer hayat | B503: D0067OB5 | C503: Umer hayat | D503: Active | E503: D0067 | F503: Wahid Traders | G503: BONA MAGIC | H503: WIPES | I503: BONA MAGICWIPES | J503: SKU00292 | K503: 20 | L503: Active | M503: =Table1[[#This Row],[Cases]]*Table1[[#This Row],[Pack Size]] -> 0 | N503: =Table1[[#This Row],[Cases]]*Table1[[#This Row],[Pack Size]] -> 480 | O503: =IFERROR(VLOOKUP(Table1[[#This Row],[SKU Code]],'SKU Size'!$G:$H,2,FALSE),0)*Table1[[#This Row],[Cases]] -> 71829.465 | P503: =TRIM(E503) -> D0067 | Q503: =IFERROR(VLOOKUP(Table1[[#This Row],[Trim Distributor Code]],Sheet1!$N:$O,2,FALSE),0) -> 3400021 | R503: =IFERROR(VLOOKUP(Table1[[#This Row],[Salesflo AppUser Code]],HIE!$A:$B,2,FALSE),0) -> Active | S503: =IFERROR(VLOOKUP(Table1[[#This Row],[Salesflo AppUser Code]],HIE!$A:$B,2,FALSE),0) -> Active | T503: Amir Tayyab | U503: South Plus & Super | V503: Wipes | W503: Bona Magic | X503: =IFERROR(VLOOKUP( Table1[[#This Row],[Trim Distributor Code]],Sheet1!$A:$J,10,FALSE),0) -> Active
A504: Umer hayat | B504: D0067OB5 | C504: Umer hayat | D504: Active | E504: D0067 | F504: Wahid Traders | G504: Safa Care | H504: WIPES | I504: Safa CareWIPES | J504: SKU00698 | K504: 10 | L504: Active | M504: =Table1[[#This Row],[Cases]]*Table1[[#This Row],[Pack Size]] -> 0 | N504: =Table1[[#This Row],[Cases]]*Table1[[#This Row],[Pack Size]] -> 480 | O504: =IFERROR(VLOOKUP(Table1[[#This Row],[SKU Code]],'SKU Size'!$G:$H,2,FALSE),0)*Table1[[#This Row],[Cases]] -> 10039.149 | P504: =TRIM(E504) -> D0067 | Q504: =IFERROR(VLOOKUP(Table1[[#This Row],[Trim Distributor Code]],Sheet1!$N:$O,2,FALSE),0) -> 3400021 | R504: =IFERROR(VLOOKUP(Table1[[#This Row],[Salesflo AppUser Code]],HIE!$A:$B,2,FALSE),0) -> Active | S504: =IFERROR(VLOOKUP(Table1[[#This Row],[Salesflo AppUser Code]],HIE!$A:$B,2,FALSE),0) -> Active | T504: Amir Tayyab | U504: South Plus & Super | V504: Wipes | W504: Safa Care | X504: =IFERROR(VLOOKUP( Table1[[#This Row],[Trim Distributor Code]],Sheet1!$A:$J,10,FALSE),0) -> Active
A505: Umer hayat | B505: D0067OB5 | C505: Umer hayat | D505: Active | E505: D0067 | F505: Wahid Traders | G505: YES | H505: Sanitary Napkin | I505: YESSanitary Napkin | J505: SKU00670 | K505: 15 | L505: Active | M505: =Table1[[#This Row],[Cases]]*Table1[[#This Row],[Pack Size]] -> 0 | N505: =Table1[[#This Row],[Cases]]*Table1[[#This Row],[Pack Size]] -> 7200 | O505: =IFERROR(VLOOKUP(Table1[[#This Row],[SKU Code]],'SKU Size'!$G:$H,2,FALSE),0)*Table1[[#This Row],[Cases]] -> 74894.78 | P505: =TRIM(E505) -> D0067 | Q505: =IFERROR(VLOOKUP(Table1[[#This Row],[Trim Distributor Code]],Sheet1!$N:$O,2,FALSE),0) -> 3400021 | R505: =IFERROR(VLOOKUP(Table1[[#This Row],[Salesflo AppUser Code]],HIE!$A:$B,2,FALSE),0) -> Active | S505: =IFERROR(VLOOKUP(Table1[[#This Row],[Salesflo AppUser Code]],HIE!$A:$B,2,FALSE),0) -> Active | T505: Amir Tayyab | U505: South Plus & Super | V505: Sanitary Napkin | W505: YES | X505: =IFERROR(VLOOKUP( Table1[[#This Row],[Trim Distributor Code]],Sheet1!$A:$J,10,FALSE),0) -> Active
A506: Umer hayat | B506: D0067OB5 | C506: Umer hayat | D506: Active | E506: D0067 | F506: Wahid Traders | G506: TEGRA | H506: ORAL CARE | I506: TEGRAORAL CARE | J506: SKU00535 | K506: 3 | L506: Active | M506: =Table1[[#This Row],[Cases]]*Table1[[#This Row],[Pack Size]] -> 0 | N506: =Table1[[#This Row],[Cases]]*Table1[[#This Row],[Pack Size]] -> 432 | O506: =IFERROR(VLOOKUP(Table1[[#This Row],[SKU Code]],'SKU Size'!$G:$H,2,FALSE),0)*Table1[[#This Row],[Cases]] -> 16576.466 | P506: =TRIM(E506) -> D0067 | Q506: =IFERROR(VLOOKUP(Table1[[#This Row],[Trim Distributor Code]],Sheet1!$N:$O,2,FALSE),0) -> 3400021 | R506: =IFERROR(VLOOKUP(Table1[[#This Row],[Salesflo AppUser Code]],HIE!$A:$B,2,FALSE),0) -> Active | S506: =IFERROR(VLOOKUP(Table1[[#This Row],[Salesflo AppUser Code]],HIE!$A:$B,2,FALSE),0) -> Active | T506: Amir Tayyab | U506: South Plus & Super | V506: Oral Care | W506: Tegra TB | X506: =IFERROR(VLOOKUP( Table1[[#This Row],[Trim Distributor Code]],Sheet1!$A:$J,10,FALSE),0) -> Active
A507: Umer hayat | B507: D0067OB5 | C507: Umer hayat | D507: Active | E507: D0067 | F507: Wahid Traders | G507: TEGRA | H507: PERSONAL CARE | I507: TEGRAPERSONAL CARE | J507: SKU00530 | K507: 6 | L507: Active | M507: =Table1[[#This Row],[Cases]]*Table1[[#This Row],[Pack Size]] -> 0 | N507: =Table1[[#This Row],[Cases]]*Table1[[#This Row],[Pack Size]] -> 1728 | O507: =IFERROR(VLOOKUP(Table1[[#This Row],[SKU Code]],'SKU Size'!$G:$H,2,FALSE),0)*Table1[[#This Row],[Cases]] -> 29120.576 | P507: =TRIM(E507) -> D0067 | Q507: =IFERROR(VLOOKUP(Table1[[#This Row],[Trim Distributor Code]],Sheet1!$N:$O,2,FALSE),0) -> 3400021 | R507: =IFERROR(VLOOKUP(Table1[[#This Row],[Salesflo AppUser Code]],HIE!$A:$B,2,FALSE),0) -> Active | S507: =IFERROR(VLOOKUP(Table1[[#This Row],[Salesflo AppUser Code]],HIE!$A:$B,2,FALSE),0) -> Active | T507: Amir Tayyab | U507: South Plus & Super | V507: Personal Care | W507: Tegra RZ | X507: =IFERROR(VLOOKUP( Table1[[#This Row],[Trim Distributor Code]],Sheet1!$A:$J,10,FALSE),0) -> Active
A508: Umer hayat | B508: D0067OB5 | C508: Umer hayat | D508: Active | E508: D0067 | F508: Wahid Traders | G508: TRULY | H508: ADULT DIAPER | I508: TRULYADULT DIAPER | J508: SKU00695 | K508: 5 | L508: Active | M508: =Table1[[#This Row],[Cases]]*Table1[[#This Row],[Pack Size]] -> 0 | N508: =Table1[[#This Row],[Cases]]*Table1[[#This Row],[Pack Size]] -> 500 | O508: =IFERROR(VLOOKUP(Table1[[#This Row],[SKU Code]],'SKU Size'!$G:$H,2,FALSE),0)*Table1[[#This Row],[Cases]] -> 37735.674 | P508: =TRIM(E508) -> D0067 | Q508: =IFERROR(VLOOKUP(Table1[[#This Row],[Trim Distributor Code]],Sheet1!$N:$O,2,FALSE),0) -> 3400021 | R508: =IFERROR(VLOOKUP(Table1[[#This Row],[Salesflo AppUser Code]],HIE!$A:$B,2,FALSE),0) -> Active | S508: =IFERROR(VLOOKUP(Table1[[#This Row],[Salesflo AppUser Code]],HIE!$A:$B,2,FALSE),0) -> Active | T508: Amir Tayyab | U508: South Plus & Super | V508: Adult Diapers | W508: Truly | X508: =IFERROR(VLOOKUP( Table1[[#This Row],[Trim Distributor Code]],Sheet1!$A:$J,10,FALSE),0) -> Active
A509: Umer hayat | B509: D0067OB3 | C509: RAMEEZ | D509: Active | E509: D0067 | F509: Wahid Traders | G509: BONA MAGIC | H509: DIAPER | I509: BONA MAGICDIAPER | J509: SKU00300 | K509: 70 | L509: Active | M509: =Table1[[#This Row],[Cases]]*Table1[[#This Row],[Pack Size]] -> 0 | N509: =Table1[[#This Row],[Cases]]*Table1[[#This Row],[Pack Size]] -> 24640 | O509: =IFERROR(VLOOKUP(Table1[[#This Row],[SKU Code]],'SKU Size'!$G:$H,2,FALSE),0)*Table1[[#This Row],[Cases]] -> 613532.38 | P509: =TRIM(E509) -> D0067 | Q509: =IFERROR(VLOOKUP(Table1[[#This Row],[Trim Distributor Code]],Sheet1!$N:$O,2,FALSE),0) -> 3400021 | R509: =IFERROR(VLOOKUP(Table1[[#This Row],[Salesflo AppUser Code]],HIE!$A:$B,2,FALSE),0) -> Active | S509: =IFERROR(VLOOKUP(Table1[[#This Row],[Salesflo AppUser Code]],HIE!$A:$B,2,FALSE),0) -> Active | T509: Amir Tayyab | U509: South Plus & Super | V509: Baby Diapers | W509: Bona Magic | X509: =IFERROR(VLOOKUP( Table1[[#This Row],[Trim Distributor Code]],Sheet1!$A:$J,10,FALSE),0) -> Active
A510: Umer hayat | B510: D0067OB3 | C510: RAMEEZ | D510: Active | E510: D0067 | F510: Wahid Traders | G510: BONA MAGIC | H510: PANTS | I510: BONA MAGICPANTS | J510: SKU00296 | K510: 60 | L510: Active | M510: =Table1[[#This Row],[Cases]]*Table1[[#This Row],[Pack Size]] -> 0 | N510: =Table1[[#This Row],[Cases]]*Table1[[#This Row],[Pack Size]] -> 21600 | O510: =IFERROR(VLOOKUP(Table1[[#This Row],[SKU Code]],'SKU Size'!$G:$H,2,FALSE),0)*Table1[[#This Row],[Cases]] -> 546827.05 | P510: =TRIM(E510) -> D0067 | Q510: =IFERROR(VLOOKUP(Table1[[#This Row],[Trim Distributor Code]],Sheet1!$N:$O,2,FALSE),0) -> 3400021 | R510: =IFERROR(VLOOKUP(Table1[[#This Row],[Salesflo AppUser Code]],HIE!$A:$B,2,FALSE),0) -> Active | S510: =IFERROR(VLOOKUP(Table1[[#This Row],[Salesflo AppUser Code]],HIE!$A:$B,2,FALSE),0) -> Active | T510: Amir Tayyab | U510: South Plus & Super | V510: Pants | W510: Bona Magic | X510: =IFERROR(VLOOKUP( Table1[[#This Row],[Trim Distributor Code]],Sheet1!$A:$J,10,FALSE),0) -> Active
A511: Umer hayat | B511: D0067OB3 | C511: RAMEEZ | D511: Active | E511: D0067 | F511: Wahid Traders | G511: MIMI PAPA | H511: ADULT DIAPER | I511: MIMI PAPAADULT DIAPER | J511: SKU00269 | K511: 5 | L511: Active | M511: =Table1[[#This Row],[Cases]]*Table1[[#This Row],[Pack Size]] -> 0 | N511: =Table1[[#This Row],[Cases]]*Table1[[#This Row],[Pack Size]] -> 500 | O511: =IFERROR(VLOOKUP(Table1[[#This Row],[SKU Code]],'SKU Size'!$G:$H,2,FALSE),0)*Table1[[#This Row],[Cases]] -> 52843.37 | P511: =TRIM(E511) -> D0067 | Q511: =IFERROR(VLOOKUP(Table1[[#This Row],[Trim Distributor Code]],Sheet1!$N:$O,2,FALSE),0) -> 3400021 | R511: =IFERROR(VLOOKUP(Table1[[#This Row],[Salesflo AppUser Code]],HIE!$A:$B,2,FALSE),0) -> Active | S511: =IFERROR(VLOOKUP(Table1[[#This Row],[Salesflo AppUser Code]],HIE!$A:$B,2,FALSE),0) -> Active | T511: Amir Tayyab | U511: South Plus & Super | V511: Adult Diapers | W511: Mimi Papa | X511: =IFERROR(VLOOKUP( Table1[[#This Row],[Trim Distributor Code]],Sheet1!$A:$J,10,FALSE),0) -> Active
... A986: Sohail | B986: D0150OB5 | C986: Ameer Hamza | D986: Active | E986: D0150 | F986: Chaman Traders | G986: Bona Papa | H986: Toiletries | I986: Bona PapaToiletries | J986: SKU00809 | K986: 5 | L986: Active | M986: =Table1[[#This Row],[Cases]]*Table1[[#This Row],[Pack Size]] -> 0 | N986: =Table1[[#This Row],[Cases]]*Table1[[#This Row],[Pack Size]] -> 480 | O986: =IFERROR(VLOOKUP(Table1[[#This Row],[SKU Code]],'SKU Size'!$G:$H,2,FALSE),0)*Table1[[#This Row],[Cases]] -> 0 | P986: =TRIM(E986) -> D0150 | Q986: =IFERROR(VLOOKUP(Table1[[#This Row],[Trim Distributor Code]],Sheet1!$N:$O,2,FALSE),0) -> 3400258 | R986: =IFERROR(VLOOKUP(Table1[[#This Row],[Salesflo AppUser Code]],HIE!$A:$B,2,FALSE),0) -> 0 | S986: =IFERROR(VLOOKUP(Table1[[#This Row],[Salesflo AppUser Code]],HIE!$A:$B,2,FALSE),0) -> 0 | T986: Amir Tayyab | U986: South Plus & Super | V986: Toiletries | W986: Bona Papa | X986: =IFERROR(VLOOKUP( Table1[[#This Row],[Trim Distributor Code]],Sheet1!$A:$J,10,FALSE),0) -> Active
A987: Mohiudin | E987: D0248 | F987: MAF HYPERMARKETS PAKISTAN PVT | G987: Bona Magic | H987: Baby Diapers | I987: Bona MagicBaby Diapers | J987: SKU00300 | K987: 212.1679 | L987: Active | M987: =Table1[[#This Row],[Cases]]*Table1[[#This Row],[Pack Size]] -> 0 | N987: =Table1[[#This Row],[Cases]]*Table1[[#This Row],[Pack Size]] -> 74683.1 | O987: =IFERROR(VLOOKUP(Table1[[#This Row],[SKU Code]],'SKU Size'!$G:$H,2,FALSE),0)*Table1[[#This Row],[Cases]] -> 1859598.2 | P987: =TRIM(E987) -> D0248 | Q987: =IFERROR(VLOOKUP(Table1[[#This Row],[Trim Distributor Code]],Sheet1!$N:$O,2,FALSE),0) -> 3400184 | R987: =IFERROR(VLOOKUP(Table1[[#This Row],[Salesflo AppUser Code]],HIE!$A:$B,2,FALSE),0) -> 0 | S987: =IFERROR(VLOOKUP(Table1[[#This Row],[Salesflo AppUser Code]],HIE!$A:$B,2,FALSE),0) -> 0 | T987: Mohiuddin Jamali | U987: LMT South | V987: Baby Diapers | W987: Bona Magic | X987: =IFERROR(VLOOKUP( Table1[[#This Row],[Trim Distributor Code]],Sheet1!$A:$J,10,FALSE),0) -> Active
A988: Mohiudin | E988: D0248 | F988: MAF HYPERMARKETS PAKISTAN PVT | G988: Bona Magic | H988: Wipes | I988: Bona MagicWipes | J988: SKU00292 | K988: 231.64375 | L988: Active | M988: =Table1[[#This Row],[Cases]]*Table1[[#This Row],[Pack Size]] -> 0 | N988: =Table1[[#This Row],[Cases]]*Table1[[#This Row],[Pack Size]] -> 5559.4499 | O988: =IFERROR(VLOOKUP(Table1[[#This Row],[SKU Code]],'SKU Size'!$G:$H,2,FALSE),0)*Table1[[#This Row],[Cases]] -> 831942.33 | P988: =TRIM(E988) -> D0248 | Q988: =IFERROR(VLOOKUP(Table1[[#This Row],[Trim Distributor Code]],Sheet1!$N:$O,2,FALSE),0) -> 3400184 | R988: =IFERROR(VLOOKUP(Table1[[#This Row],[Salesflo AppUser Code]],HIE!$A:$B,2,FALSE),0) -> 0 | S988: =IFERROR(VLOOKUP(Table1[[#This Row],[Salesflo AppUser Code]],HIE!$A:$B,2,FALSE),0) -> 0 | T988: Mohiuddin Jamali | U988: LMT South | V988: Wipes | W988: Bona Magic | X988: =IFERROR(VLOOKUP( Table1[[#This Row],[Trim Distributor Code]],Sheet1!$A:$J,10,FALSE),0) -> Active
A989: Mohiudin | E989: D0248 | F989: MAF HYPERMARKETS PAKISTAN PVT | G989: Momse | H989: Baby Diapers | I989: MomseBaby Diapers | J989: SKU00428 | K989: 108.88326 | L989: Active | M989: =Table1[[#This Row],[Cases]]*Table1[[#This Row],[Pack Size]] -> 0 | N989: =Table1[[#This Row],[Cases]]*Table1[[#This Row],[Pack Size]] -> 31358.38 | O989: =IFERROR(VLOOKUP(Table1[[#This Row],[SKU Code]],'SKU Size'!$G:$H,2,FALSE),0)*Table1[[#This Row],[Cases]] -> 893082.32 | P989: =TRIM(E989) -> D0248 | Q989: =IFERROR(VLOOKUP(Table1[[#This Row],[Trim Distributor Code]],Sheet1!$N:$O,2,FALSE),0) -> 3400184 | R989: =IFERROR(VLOOKUP(Table1[[#This Row],[Salesflo AppUser Code]],HIE!$A:$B,2,FALSE),0) -> 0 | S989: =IFERROR(VLOOKUP(Table1[[#This Row],[Salesflo AppUser Code]],HIE!$A:$B,2,FALSE),0) -> 0 | T989: Mohiuddin Jamali | U989: LMT South | V989: Baby Diapers | W989: Momse | X989: =IFERROR(VLOOKUP( Table1[[#This Row],[Trim Distributor Code]],Sheet1!$A:$J,10,FALSE),0) -> Active
A990: Mohiudin | E990: D0248 | F990: MAF HYPERMARKETS PAKISTAN PVT | G990: Momse | H990: Baby Pants | I990: MOMSEPANTS | J990: SKU00434 | K990: 111.46695 | L990: Active | M990: =Table1[[#This Row],[Cases]]*Table1[[#This Row],[Pack Size]] -> 0 | N990: =Table1[[#This Row],[Cases]]*Table1[[#This Row],[Pack Size]] -> 21401.654 | O990: =IFERROR(VLOOKUP(Table1[[#This Row],[SKU Code]],'SKU Size'!$G:$H,2,FALSE),0)*Table1[[#This Row],[Cases]] -> 925826.82 | P990: =TRIM(E990) -> D0248 | Q990: =IFERROR(VLOOKUP(Table1[[#This Row],[Trim Distributor Code]],Sheet1!$N:$O,2,FALSE),0) -> 3400184 | R990: =IFERROR(VLOOKUP(Table1[[#This Row],[Salesflo AppUser Code]],HIE!$A:$B,2,FALSE),0) -> 0 | S990: =IFERROR(VLOOKUP(Table1[[#This Row],[Salesflo AppUser Code]],HIE!$A:$B,2,FALSE),0) -> 0 | T990: Mohiuddin Jamali | U990: LMT South | V990: Pants | W990: Momse | X990: =IFERROR(VLOOKUP( Table1[[#This Row],[Trim Distributor Code]],Sheet1!$A:$J,10,FALSE),0) -> Active
A991: Mohiudin | E991: D0248 | F991: MAF HYPERMARKETS PAKISTAN PVT | G991: Momse | H991: Wipes | I991: MomseWipes | J991: SKU00457 | K991: 77.723992 | L991: Active | M991: =Table1[[#This Row],[Cases]]*Table1[[#This Row],[Pack Size]] -> 0 | N991: =Table1[[#This Row],[Cases]]*Table1[[#This Row],[Pack Size]] -> 1865.3758 | O991: =IFERROR(VLOOKUP(Table1[[#This Row],[SKU Code]],'SKU Size'!$G:$H,2,FALSE),0)*Table1[[#This Row],[Cases]] -> 580026.41 | P991: =TRIM(E991) -> D0248 | Q991: =IFERROR(VLOOKUP(Table1[[#This Row],[Trim Distributor Code]],Sheet1!$N:$O,2,FALSE),0) -> 3400184 | R991: =IFERROR(VLOOKUP(Table1[[#This Row],[Salesflo AppUser Code]],HIE!$A:$B,2,FALSE),0) -> 0 | S991: =IFERROR(VLOOKUP(Table1[[#This Row],[Salesflo AppUser Code]],HIE!$A:$B,2,FALSE),0) -> 0 | T991: Mohiuddin Jamali | U991: LMT South | V991: Wipes | W991: Momse | X991: =IFERROR(VLOOKUP( Table1[[#This Row],[Trim Distributor Code]],Sheet1!$A:$J,10,FALSE),0) -> Active
A992: Mohiudin | E992: D0248 | F992: MAF HYPERMARKETS PAKISTAN PVT | G992: Nana | H992: Baby Diapers | I992: NANA SMARTYBABY DIAPERS | J992: SKU00323 | K992: 47.251275 | L992: Active | M992: =Table1[[#This Row],[Cases]]*Table1[[#This Row],[Pack Size]] -> 0 | N992: =Table1[[#This Row],[Cases]]*Table1[[#This Row],[Pack Size]] -> 18900.51 | O992: =IFERROR(VLOOKUP(Table1[[#This Row],[SKU Code]],'SKU Size'!$G:$H,2,FALSE),0)*Table1[[#This Row],[Cases]] -> 427713.55 | P992: =TRIM(E992) -> D0248 | Q992: =IFERROR(VLOOKUP(Table1[[#This Row],[Trim Distributor Code]],Sheet1!$N:$O,2,FALSE),0) -> 3400184 | R992: =IFERROR(VLOOKUP(Table1[[#This Row],[Salesflo AppUser Code]],HIE!$A:$B,2,FALSE),0) -> 0 | S992: =IFERROR(VLOOKUP(Table1[[#This Row],[Salesflo AppUser Code]],HIE!$A:$B,2,FALSE),0) -> 0 | T992: Mohiuddin Jamali | U992: LMT South | V992: Baby Diapers | W992: NaNa | X992: =IFERROR(VLOOKUP( Table1[[#This Row],[Trim Distributor Code]],Sheet1!$A:$J,10,FALSE),0) -> Active
A993: Mohiudin | E993: D0248 | F993: MAF HYPERMARKETS PAKISTAN PVT | G993: Nana | H993: Wipes | I993: NANA SMARTYWIPES | J993: SKU00342 | K993: 40.540556 | L993: Active | M993: =Table1[[#This Row],[Cases]]*Table1[[#This Row],[Pack Size]] -> 0 | N993: =Table1[[#This Row],[Cases]]*Table1[[#This Row],[Pack Size]] -> 972.97334 | O993: =IFERROR(VLOOKUP(Table1[[#This Row],[SKU Code]],'SKU Size'!$G:$H,2,FALSE),0)*Table1[[#This Row],[Cases]] -> 139624.3 | P993: =TRIM(E993) -> D0248 | Q993: =IFERROR(VLOOKUP(Table1[[#This Row],[Trim Distributor Code]],Sheet1!$N:$O,2,FALSE),0) -> 3400184 | R993: =IFERROR(VLOOKUP(Table1[[#This Row],[Salesflo AppUser Code]],HIE!$A:$B,2,FALSE),0) -> 0 | S993: =IFERROR(VLOOKUP(Table1[[#This Row],[Salesflo AppUser Code]],HIE!$A:$B,2,FALSE),0) -> 0 | T993: Mohiuddin Jamali | U993: LMT South | V993: Wipes | W993: NaNa | X993: =IFERROR(VLOOKUP( Table1[[#This Row],[Trim Distributor Code]],Sheet1!$A:$J,10,FALSE),0) -> Active
A994: Mohiudin | E994: D0248 | F994: MAF HYPERMARKETS PAKISTAN PVT | G994: Nofea | H994: Sanitary Napkin | I994: NofeaSanitary Napkin | J994: SKU00723 | K994: 42.40861 | L994: Active | M994: =Table1[[#This Row],[Cases]]*Table1[[#This Row],[Pack Size]] -> 0 | N994: =Table1[[#This Row],[Cases]]*Table1[[#This Row],[Pack Size]] -> 14249.293 | O994: =IFERROR(VLOOKUP(Table1[[#This Row],[SKU Code]],'SKU Size'!$G:$H,2,FALSE),0)*Table1[[#This Row],[Cases]] -> 315843.95 | P994: =TRIM(E994) -> D0248 | Q994: =IFERROR(VLOOKUP(Table1[[#This Row],[Trim Distributor Code]],Sheet1!$N:$O,2,FALSE),0) -> 3400184 | R994: =IFERROR(VLOOKUP(Table1[[#This Row],[Salesflo AppUser Code]],HIE!$A:$B,2,FALSE),0) -> 0 | S994: =IFERROR(VLOOKUP(Table1[[#This Row],[Salesflo AppUser Code]],HIE!$A:$B,2,FALSE),0) -> 0 | T994: Mohiuddin Jamali | U994: LMT South | V994: Sanitary Napkin | W994: Nofea | X994: =IFERROR(VLOOKUP( Table1[[#This Row],[Trim Distributor Code]],Sheet1!$A:$J,10,FALSE),0) -> Active
A995: Mohiudin | E995: D0248 | F995: MAF HYPERMARKETS PAKISTAN PVT | G995: Safa Care | H995: Adult Diapers | I995: Safa CareAdult Diapers | J995: SKU00264 | K995: 19.988766 | L995: Active | M995: =Table1[[#This Row],[Cases]]*Table1[[#This Row],[Pack Size]] -> 0 | N995: =Table1[[#This Row],[Cases]]*Table1[[#This Row],[Pack Size]] -> 1998.8766 | O995: =IFERROR(VLOOKUP(Table1[[#This Row],[SKU Code]],'SKU Size'!$G:$H,2,FALSE),0)*Table1[[#This Row],[Cases]] -> 202976.88 | P995: =TRIM(E995) -> D0248 | Q995: =IFERROR(VLOOKUP(Table1[[#This Row],[Trim Distributor Code]],Sheet1!$N:$O,2,FALSE),0) -> 3400184 | R995: =IFERROR(VLOOKUP(Table1[[#This Row],[Salesflo AppUser Code]],HIE!$A:$B,2,FALSE),0) -> 0 | S995: =IFERROR(VLOOKUP(Table1[[#This Row],[Salesflo AppUser Code]],HIE!$A:$B,2,FALSE),0) -> 0 | T995: Mohiuddin Jamali | U995: LMT South | V995: Adult Diapers | W995: Safa Care | X995: =IFERROR(VLOOKUP( Table1[[#This Row],[Trim Distributor Code]],Sheet1!$A:$J,10,FALSE),0) -> Active
A996: Mohiudin | E996: D0248 | F996: MAF HYPERMARKETS PAKISTAN PVT | G996: Sofped | H996: Adult Diapers | I996: SofpedAdult Diapers | J996: SKU00459 | K996: 42.482003 | L996: Active | M996: =Table1[[#This Row],[Cases]]*Table1[[#This Row],[Pack Size]] -> 0 | N996: =Table1[[#This Row],[Cases]]*Table1[[#This Row],[Pack Size]] -> 4248.2003 | O996: =IFERROR(VLOOKUP(Table1[[#This Row],[SKU Code]],'SKU Size'!$G:$H,2,FALSE),0)*Table1[[#This Row],[Cases]] -> 525780.42 | P996: =TRIM(E996) -> D0248 | Q996: =IFERROR(VLOOKUP(Table1[[#This Row],[Trim Distributor Code]],Sheet1!$N:$O,2,FALSE),0) -> 3400184 | R996: =IFERROR(VLOOKUP(Table1[[#This Row],[Salesflo AppUser Code]],HIE!$A:$B,2,FALSE),0) -> 0 | S996: =IFERROR(VLOOKUP(Table1[[#This Row],[Salesflo AppUser Code]],HIE!$A:$B,2,FALSE),0) -> 0 | T996: Mohiuddin Jamali | U996: LMT South | V996: Adult Diapers | W996: Sofped | X996: =IFERROR(VLOOKUP( Table1[[#This Row],[Trim Distributor Code]],Sheet1!$A:$J,10,FALSE),0) -> Active
A997: Mohiudin | E997: D0246 | F997: Canteen Stores Department | G997: Bona Magic | H997: Baby Diapers | I997: Bona MagicBaby Diapers | J997: SKU00300 | K997: 172.14989 | L997: Active | M997: =Table1[[#This Row],[Cases]]*Table1[[#This Row],[Pack Size]] -> 0 | N997: =Table1[[#This Row],[Cases]]*Table1[[#This Row],[Pack Size]] -> 60596.762 | O997: =IFERROR(VLOOKUP(Table1[[#This Row],[SKU Code]],'SKU Size'!$G:$H,2,FALSE),0)*Table1[[#This Row],[Cases]] -> 1508850.5 | P997: =TRIM(E997) -> D0246 | Q997: =IFERROR(VLOOKUP(Table1[[#This Row],[Trim Distributor Code]],Sheet1!$N:$O,2,FALSE),0) -> 3400115 | R997: =IFERROR(VLOOKUP(Table1[[#This Row],[Salesflo AppUser Code]],HIE!$A:$B,2,FALSE),0) -> 0 | S997: =IFERROR(VLOOKUP(Table1[[#This Row],[Salesflo AppUser Code]],HIE!$A:$B,2,FALSE),0) -> 0 | T997: Mohiuddin Jamali | U997: LMT South | V997: Baby Diapers | W997: Bona Magic | X997: =IFERROR(VLOOKUP( Table1[[#This Row],[Trim Distributor Code]],Sheet1!$A:$J,10,FALSE),0) -> Active
A998: Mohiudin | E998: D0246 | F998: Canteen Stores Department | G998: Bona Magic | H998: Wipes | I998: Bona MagicWipes | J998: SKU00292 | K998: 25.001992 | L998: Active | M998: =Table1[[#This Row],[Cases]]*Table1[[#This Row],[Pack Size]] -> 0 | N998: =Table1[[#This Row],[Cases]]*Table1[[#This Row],[Pack Size]] -> 600.04782 | O998: =IFERROR(VLOOKUP(Table1[[#This Row],[SKU Code]],'SKU Size'!$G:$H,2,FALSE),0)*Table1[[#This Row],[Cases]] -> 89793.988 | P998: =TRIM(E998) -> D0246 | Q998: =IFERROR(VLOOKUP(Table1[[#This Row],[Trim Distributor Code]],Sheet1!$N:$O,2,FALSE),0) -> 3400115 | R998: =IFERROR(VLOOKUP(Table1[[#This Row],[Salesflo AppUser Code]],HIE!$A:$B,2,FALSE),0) -> 0 | S998: =IFERROR(VLOOKUP(Table1[[#This Row],[Salesflo AppUser Code]],HIE!$A:$B,2,FALSE),0) -> 0 | T998: Mohiuddin Jamali | U998: LMT South | V998: Wipes | W998: Bona Magic | X998: =IFERROR(VLOOKUP( Table1[[#This Row],[Trim Distributor Code]],Sheet1!$A:$J,10,FALSE),0) -> Active
... A1049: Mohiudin | E1049: D0247 | F1049: DELIVERY HERO STORES PAKISTAN (PRIV | G1049: Sofped | H1049: Adult Diapers | I1049: SofpedAdult Diapers | J1049: SKU00459 | K1049: 111.02099 | L1049: Active | M1049: =Table1[[#This Row],[Cases]]*Table1[[#This Row],[Pack Size]] -> 0 | N1049: =Table1[[#This Row],[Cases]]*Table1[[#This Row],[Pack Size]] -> 11102.099 | O1049: =IFERROR(VLOOKUP(Table1[[#This Row],[SKU Code]],'SKU Size'!$G:$H,2,FALSE),0)*Table1[[#This Row],[Cases]] -> 1374056.2 | P1049: =TRIM(E1049) -> D0247 | Q1049: =IFERROR(VLOOKUP(Table1[[#This Row],[Trim Distributor Code]],Sheet1!$N:$O,2,FALSE),0) -> 3400149 | R1049: =IFERROR(VLOOKUP(Table1[[#This Row],[Salesflo AppUser Code]],HIE!$A:$B,2,FALSE),0) -> 0 | S1049: =IFERROR(VLOOKUP(Table1[[#This Row],[Salesflo AppUser Code]],HIE!$A:$B,2,FALSE),0) -> 0 | T1049: Mohiuddin Jamali | U1049: LMT South | V1049: Adult Diapers | W1049: Sofped | X1049: =IFERROR(VLOOKUP( Table1[[#This Row],[Trim Distributor Code]],Sheet1!$A:$J,10,FALSE),0) -> Active
A1050: Rashid | B1050: D0254OB1 | C1050: Ashfaque Ashfaque Outer | D1050: Active | E1050: D0254 | F1050: As Enterprises | G1050: NANA SMARTY | H1050: DIAPER | I1050: NANA SMARTYDIAPER | J1050: SKU00323 | K1050: 80 | L1050: Active | M1050: =Table1[[#This Row],[Cases]]*Table1[[#This Row],[Pack Size]] -> 0 | N1050: =Table1[[#This Row],[Cases]]*Table1[[#This Row],[Pack Size]] -> 32000 | O1050: =IFERROR(VLOOKUP(Table1[[#This Row],[SKU Code]],'SKU Size'!$G:$H,2,FALSE),0)*Table1[[#This Row],[Cases]] -> 724151.55 | P1050: =TRIM(E1050) -> D0254 | Q1050: =IFERROR(VLOOKUP(Table1[[#This Row],[Trim Distributor Code]],Sheet1!$N:$O,2,FALSE),0) -> 3400833 | R1050: =IFERROR(VLOOKUP(Table1[[#This Row],[Salesflo AppUser Code]],HIE!$A:$B,2,FALSE),0) -> Active | S1050: =IFERROR(VLOOKUP(Table1[[#This Row],[Salesflo AppUser Code]],HIE!$A:$B,2,FALSE),0) -> Active | T1050: Rashid Qureshi | U1050: South Magic | V1050: Baby Diapers | W1050: NaNa | X1050: =IFERROR(VLOOKUP( Table1[[#This Row],[Trim Distributor Code]],Sheet1!$A:$J,10,FALSE),0) -> Active
A1051: Rashid | B1051: D0254OB1 | C1051: Ashfaque Ashfaque Outer | D1051: Active | E1051: D0254 | F1051: As Enterprises | G1051: NANA SMARTY | H1051: PANTS | I1051: NANA SMARTYPANTS | J1051: SKU00344 | K1051: 35 | L1051: Active | M1051: =Table1[[#This Row],[Cases]]*Table1[[#This Row],[Pack Size]] -> 0 | N1051: =Table1[[#This Row],[Cases]]*Table1[[#This Row],[Pack Size]] -> 13440 | O1051: =IFERROR(VLOOKUP(Table1[[#This Row],[SKU Code]],'SKU Size'!$G:$H,2,FALSE),0)*Table1[[#This Row],[Cases]] -> 326178.64 | P1051: =TRIM(E1051) -> D0254 | Q1051: =IFERROR(VLOOKUP(Table1[[#This Row],[Trim Distributor Code]],Sheet1!$N:$O,2,FALSE),0) -> 3400833 | R1051: =IFERROR(VLOOKUP(Table1[[#This Row],[Salesflo AppUser Code]],HIE!$A:$B,2,FALSE),0) -> Active | S1051: =IFERROR(VLOOKUP(Table1[[#This Row],[Salesflo AppUser Code]],HIE!$A:$B,2,FALSE),0) -> Active | T1051: Rashid Qureshi | U1051: South Magic | V1051: Pants | W1051: NaNa | X1051: =IFERROR(VLOOKUP( Table1[[#This Row],[Trim Distributor Code]],Sheet1!$A:$J,10,FALSE),0) -> Active
A1052: Rashid | B1052: D0254OB1 | C1052: Ashfaque Ashfaque Outer | D1052: Active | E1052: D0254 | F1052: As Enterprises | G1052: DADU | H1052: ADULT DIAPER | I1052: DADUADULT DIAPER | J1052: SKU00340 | K1052: 25 | L1052: Active | M1052: =Table1[[#This Row],[Cases]]*Table1[[#This Row],[Pack Size]] -> 0 | N1052: =Table1[[#This Row],[Cases]]*Table1[[#This Row],[Pack Size]] -> 2500 | O1052: =IFERROR(VLOOKUP(Table1[[#This Row],[SKU Code]],'SKU Size'!$G:$H,2,FALSE),0)*Table1[[#This Row],[Cases]] -> 254281.36 | P1052: =TRIM(E1052) -> D0254 | Q1052: =IFERROR(VLOOKUP(Table1[[#This Row],[Trim Distributor Code]],Sheet1!$N:$O,2,FALSE),0) -> 3400833 | R1052: =IFERROR(VLOOKUP(Table1[[#This Row],[Salesflo AppUser Code]],HIE!$A:$B,2,FALSE),0) -> Active | S1052: =IFERROR(VLOOKUP(Table1[[#This Row],[Salesflo AppUser Code]],HIE!$A:$B,2,FALSE),0) -> Active | T1052: Rashid Qureshi | U1052: South Magic | V1052: Adult Diapers | W1052: Dadu | X1052: =IFERROR(VLOOKUP( Table1[[#This Row],[Trim Distributor Code]],Sheet1!$A:$J,10,FALSE),0) -> Active
A1053: Rashid | B1053: D0254OB1 | C1053: Ashfaque Ashfaque Outer | D1053: Active | E1053: D0254 | F1053: As Enterprises | G1053: COMTEX | H1053: ADULT DIAPER | I1053: COMTEXADULT DIAPER | J1053: SKU00691 | K1053: 50 | L1053: Active | M1053: =Table1[[#This Row],[Cases]]*Table1[[#This Row],[Pack Size]] -> 0 | N1053: =Table1[[#This Row],[Cases]]*Table1[[#This Row],[Pack Size]] -> 5000 | O1053: =IFERROR(VLOOKUP(Table1[[#This Row],[SKU Code]],'SKU Size'!$G:$H,2,FALSE),0)*Table1[[#This Row],[Cases]] -> 378001.21 | P1053: =TRIM(E1053) -> D0254 | Q1053: =IFERROR(VLOOKUP(Table1[[#This Row],[Trim Distributor Code]],Sheet1!$N:$O,2,FALSE),0) -> 3400833 | R1053: =IFERROR(VLOOKUP(Table1[[#This Row],[Salesflo AppUser Code]],HIE!$A:$B,2,FALSE),0) -> Active | S1053: =IFERROR(VLOOKUP(Table1[[#This Row],[Salesflo AppUser Code]],HIE!$A:$B,2,FALSE),0) -> Active | T1053: Rashid Qureshi | U1053: South Magic | V1053: Adult Diapers | W1053: Comtex | X1053: =IFERROR(VLOOKUP( Table1[[#This Row],[Trim Distributor Code]],Sheet1!$A:$J,10,FALSE),0) -> Active
A1054: Rashid | B1054: D0254OB1 | C1054: Ashfaque Ashfaque Outer | D1054: Active | E1054: D0254 | F1054: As Enterprises | G1054: NANA SMARTY | H1054: WIPES | I1054: NANA SMARTYWIPES | J1054: SKU00342 | K1054: 15 | L1054: Active | M1054: =Table1[[#This Row],[Cases]]*Table1[[#This Row],[Pack Size]] -> 0 | N1054: =Table1[[#This Row],[Cases]]*Table1[[#This Row],[Pack Size]] -> 360 | O1054: =IFERROR(VLOOKUP(Table1[[#This Row],[SKU Code]],'SKU Size'!$G:$H,2,FALSE),0)*Table1[[#This Row],[Cases]] -> 51660.97 | P1054: =TRIM(E1054) -> D0254 | Q1054: =IFERROR(VLOOKUP(Table1[[#This Row],[Trim Distributor Code]],Sheet1!$N:$O,2,FALSE),0) -> 3400833 | R1054: =IFERROR(VLOOKUP(Table1[[#This Row],[Salesflo AppUser Code]],HIE!$A:$B,2,FALSE),0) -> Active | S1054: =IFERROR(VLOOKUP(Table1[[#This Row],[Salesflo AppUser Code]],HIE!$A:$B,2,FALSE),0) -> Active | T1054: Rashid Qureshi | U1054: South Magic | V1054: Wipes | W1054: NaNa | X1054: =IFERROR(VLOOKUP( Table1[[#This Row],[Trim Distributor Code]],Sheet1!$A:$J,10,FALSE),0) -> Active
A1055: Rashid | B1055: D0254OB1 | C1055: Ashfaque Ashfaque Outer | D1055: Active | E1055: D0254 | F1055: As Enterprises | G1055: DIDI | H1055: WIPES | I1055: DIDIWIPES | J1055: SKU00352 | K1055: 15 | L1055: Active | M1055: =Table1[[#This Row],[Cases]]*Table1[[#This Row],[Pack Size]] -> 0 | N1055: =Table1[[#This Row],[Cases]]*Table1[[#This Row],[Pack Size]] -> 360 | O1055: =IFERROR(VLOOKUP(Table1[[#This Row],[SKU Code]],'SKU Size'!$G:$H,2,FALSE),0)*Table1[[#This Row],[Cases]] -> 28955.052 | P1055: =TRIM(E1055) -> D0254 | Q1055: =IFERROR(VLOOKUP(Table1[[#This Row],[Trim Distributor Code]],Sheet1!$N:$O,2,FALSE),0) -> 3400833 | R1055: =IFERROR(VLOOKUP(Table1[[#This Row],[Salesflo AppUser Code]],HIE!$A:$B,2,FALSE),0) -> Active | S1055: =IFERROR(VLOOKUP(Table1[[#This Row],[Salesflo AppUser Code]],HIE!$A:$B,2,FALSE),0) -> Active | T1055: Rashid Qureshi | U1055: South Magic | V1055: Wipes | W1055: Didi | X1055: =IFERROR(VLOOKUP( Table1[[#This Row],[Trim Distributor Code]],Sheet1!$A:$J,10,FALSE),0) -> Active
A1056: Rashid | B1056: D0254OB1 | C1056: Ashfaque Ashfaque Outer | D1056: Active | E1056: D0254 | F1056: As Enterprises | G1056: DIDI | H1056: SANITARY NAPKIN | I1056: DIDISANITARY NAPKIN | J1056: SKU00724 | K1056: 20 | L1056: Active | M1056: =Table1[[#This Row],[Cases]]*Table1[[#This Row],[Pack Size]] -> 0 | N1056: =Table1[[#This Row],[Cases]]*Table1[[#This Row],[Pack Size]] -> 9600 | O1056: =IFERROR(VLOOKUP(Table1[[#This Row],[SKU Code]],'SKU Size'!$G:$H,2,FALSE),0)*Table1[[#This Row],[Cases]] -> 96270.615 | P1056: =TRIM(E1056) -> D0254 | Q1056: =IFERROR(VLOOKUP(Table1[[#This Row],[Trim Distributor Code]],Sheet1!$N:$O,2,FALSE),0) -> 3400833 | R1056: =IFERROR(VLOOKUP(Table1[[#This Row],[Salesflo AppUser Code]],HIE!$A:$B,2,FALSE),0) -> Active | S1056: =IFERROR(VLOOKUP(Table1[[#This Row],[Salesflo AppUser Code]],HIE!$A:$B,2,FALSE),0) -> Active | T1056: Rashid Qureshi | U1056: South Magic | V1056: Sanitary Napkin | W1056: Didi | X1056: =IFERROR(VLOOKUP( Table1[[#This Row],[Trim Distributor Code]],Sheet1!$A:$J,10,FALSE),0) -> Active
A1057: Rashid | B1057: D0254OB9 | C1057: Jawad Ahmed Outer | D1057: Active | E1057: D0254 | F1057: As Enterprises | G1057: NANA SMARTY | H1057: DIAPER | I1057: NANA SMARTYDIAPER | J1057: SKU00323 | K1057: 80 | L1057: Active | M1057: =Table1[[#This Row],[Cases]]*Table1[[#This Row],[Pack Size]] -> 0 | N1057: =Table1[[#This Row],[Cases]]*Table1[[#This Row],[Pack Size]] -> 32000 | O1057: =IFERROR(VLOOKUP(Table1[[#This Row],[SKU Code]],'SKU Size'!$G:$H,2,FALSE),0)*Table1[[#This Row],[Cases]] -> 724151.55 | P1057: =TRIM(E1057) -> D0254 | Q1057: =IFERROR(VLOOKUP(Table1[[#This Row],[Trim Distributor Code]],Sheet1!$N:$O,2,FALSE),0) -> 3400833 | R1057: =IFERROR(VLOOKUP(Table1[[#This Row],[Salesflo AppUser Code]],HIE!$A:$B,2,FALSE),0) -> 0 | S1057: =IFERROR(VLOOKUP(Table1[[#This Row],[Salesflo AppUser Code]],HIE!$A:$B,2,FALSE),0) -> 0 | T1057: Rashid Qureshi | U1057: South Magic | V1057: Baby Diapers | W1057: NaNa | X1057: =IFERROR(VLOOKUP( Table1[[#This Row],[Trim Distributor Code]],Sheet1!$A:$J,10,FALSE),0) -> Active
A1058: Rashid | B1058: D0254OB9 | C1058: Jawad Ahmed Outer | D1058: Active | E1058: D0254 | F1058: As Enterprises | G1058: NANA SMARTY | H1058: PANTS | I1058: NANA SMARTYPANTS | J1058: SKU00344 | K1058: 20 | L1058: Active | M1058: =Table1[[#This Row],[Cases]]*Table1[[#This Row],[Pack Size]] -> 0 | N1058: =Table1[[#This Row],[Cases]]*Table1[[#This Row],[Pack Size]] -> 7680 | O1058: =IFERROR(VLOOKUP(Table1[[#This Row],[SKU Code]],'SKU Size'!$G:$H,2,FALSE),0)*Table1[[#This Row],[Cases]] -> 186387.79 | P1058: =TRIM(E1058) -> D0254 | Q1058: =IFERROR(VLOOKUP(Table1[[#This Row],[Trim Distributor Code]],Sheet1!$N:$O,2,FALSE),0) -> 3400833 | R1058: =IFERROR(VLOOKUP(Table1[[#This Row],[Salesflo AppUser Code]],HIE!$A:$B,2,FALSE),0) -> 0 | S1058: =IFERROR(VLOOKUP(Table1[[#This Row],[Salesflo AppUser Code]],HIE!$A:$B,2,FALSE),0) -> 0 | T1058: Rashid Qureshi | U1058: South Magic | V1058: Pants | W1058: NaNa | X1058: =IFERROR(VLOOKUP( Table1[[#This Row],[Trim Distributor Code]],Sheet1!$A:$J,10,FALSE),0) -> Active
A1059: Rashid | B1059: D0254OB9 | C1059: Jawad Ahmed Outer | D1059: Active | E1059: D0254 | F1059: As Enterprises | G1059: DADU | H1059: ADULT DIAPER | I1059: DADUADULT DIAPER | J1059: SKU00340 | K1059: 25 | L1059: Active | M1059: =Table1[[#This Row],[Cases]]*Table1[[#This Row],[Pack Size]] -> 0 | N1059: =Table1[[#This Row],[Cases]]*Table1[[#This Row],[Pack Size]] -> 2500 | O1059: =IFERROR(VLOOKUP(Table1[[#This Row],[SKU Code]],'SKU Size'!$G:$H,2,FALSE),0)*Table1[[#This Row],[Cases]] -> 254281.36 | P1059: =TRIM(E1059) -> D0254 | Q1059: =IFERROR(VLOOKUP(Table1[[#This Row],[Trim Distributor Code]],Sheet1!$N:$O,2,FALSE),0) -> 3400833 | R1059: =IFERROR(VLOOKUP(Table1[[#This Row],[Salesflo AppUser Code]],HIE!$A:$B,2,FALSE),0) -> 0 | S1059: =IFERROR(VLOOKUP(Table1[[#This Row],[Salesflo AppUser Code]],HIE!$A:$B,2,FALSE),0) -> 0 | T1059: Rashid Qureshi | U1059: South Magic | V1059: Adult Diapers | W1059: Dadu | X1059: =IFERROR(VLOOKUP( Table1[[#This Row],[Trim Distributor Code]],Sheet1!$A:$J,10,FALSE),0) -> Active
A1060: Rashid | B1060: D0254OB9 | C1060: Jawad Ahmed Outer | D1060: Active | E1060: D0254 | F1060: As Enterprises | G1060: COMTEX | H1060: ADULT DIAPER | I1060: COMTEXADULT DIAPER | J1060: SKU00691 | K1060: 50 | L1060: Active | M1060: =Table1[[#This Row],[Cases]]*Table1[[#This Row],[Pack Size]] -> 0 | N1060: =Table1[[#This Row],[Cases]]*Table1[[#This Row],[Pack Size]] -> 5000 | O1060: =IFERROR(VLOOKUP(Table1[[#This Row],[SKU Code]],'SKU Size'!$G:$H,2,FALSE),0)*Table1[[#This Row],[Cases]] -> 378001.21 | P1060: =TRIM(E1060) -> D0254 | Q1060: =IFERROR(VLOOKUP(Table1[[#This Row],[Trim Distributor Code]],Sheet1!$N:$O,2,FALSE),0) -> 3400833 | R1060: =IFERROR(VLOOKUP(Table1[[#This Row],[Salesflo AppUser Code]],HIE!$A:$B,2,FALSE),0) -> 0 | S1060: =IFERROR(VLOOKUP(Table1[[#This Row],[Salesflo AppUser Code]],HIE!$A:$B,2,FALSE),0) -> 0 | T1060: Rashid Qureshi | U1060: South Magic | V1060: Adult Diapers | W1060: Comtex | X1060: =IFERROR(VLOOKUP( Table1[[#This Row],[Trim Distributor Code]],Sheet1!$A:$J,10,FALSE),0) -> Active
A1061: Rashid | B1061: D0254OB9 | C1061: Jawad Ahmed Outer | D1061: Active | E1061: D0254 | F1061: As Enterprises | G1061: NANA SMARTY | H1061: WIPES | I1061: NANA SMARTYWIPES | J1061: SKU00342 | K1061: 15 | L1061: Active | M1061: =Table1[[#This Row],[Cases]]*Table1[[#This Row],[Pack Size]] -> 0 | N1061: =Table1[[#This Row],[Cases]]*Table1[[#This Row],[Pack Size]] -> 360 | O1061: =IFERROR(VLOOKUP(Table1[[#This Row],[SKU Code]],'SKU Size'!$G:$H,2,FALSE),0)*Table1[[#This Row],[Cases]] -> 51660.97 | P1061: =TRIM(E1061) -> D0254 | Q1061: =IFERROR(VLOOKUP(Table1[[#This Row],[Trim Distributor Code]],Sheet1!$N:$O,2,FALSE),0) -> 3400833 | R1061: =IFERROR(VLOOKUP(Table1[[#This Row],[Salesflo AppUser Code]],HIE!$A:$B,2,FALSE),0) -> 0 | S1061: =IFERROR(VLOOKUP(Table1[[#This Row],[Salesflo AppUser Code]],HIE!$A:$B,2,FALSE),0) -> 0 | T1061: Rashid Qureshi | U1061: South Magic | V1061: Wipes | W1061: NaNa | X1061: =IFERROR(VLOOKUP( Table1[[#This Row],[Trim Distributor Code]],Sheet1!$A:$J,10,FALSE),0) -> Active
... A1321: Shahid | B1321: D0288OB1 | C1321: Shawal | D1321: Active | E1321: D0288 | F1321: Sm Networking LMT | G1321: MOMSE | H1321: PANTS | I1321: MOMSEPANTS | J1321: SKU00434 | K1321: 198 | L1321: Active | M1321: =Table1[[#This Row],[Cases]]*Table1[[#This Row],[Pack Size]] -> 0 | N1321: =Table1[[#This Row],[Cases]]*Table1[[#This Row],[Pack Size]] -> 38016 | O1321: =IFERROR(VLOOKUP(Table1[[#This Row],[SKU Code]],'SKU Size'!$G:$H,2,FALSE),0)*Table1[[#This Row],[Cases]] -> 1644556.6 | P1321: =TRIM(E1321) -> D0288 | Q1321: =IFERROR(VLOOKUP(Table1[[#This Row],[Trim Distributor Code]],Sheet1!$N:$O,2,FALSE),0) -> 3400802 | R1321: =IFERROR(VLOOKUP(Table1[[#This Row],[Salesflo AppUser Code]],HIE!$A:$B,2,FALSE),0) -> Active | S1321: =IFERROR(VLOOKUP(Table1[[#This Row],[Salesflo AppUser Code]],HIE!$A:$B,2,FALSE),0) -> Active | T1321: Shahid Pervaiz | U1321: LMT North | V1321: Pants | W1321: Momse | X1321: =IFERROR(VLOOKUP( Table1[[#This Row],[Trim Distributor Code]],Sheet1!$A:$J,10,FALSE),0) -> Active
A1322: Shahid | B1322: Owais Mehmood/katryia Retail | D1322: Active | E1322: 3400940 | F1322: KATARIA RETAIL (PRIVATE) LTD (RE) | G1322: SOFPED | H1322: ADULT DIAPER | I1322: SOFPEDADULT DIAPER | J1322: SKU00459 | K1322: 80 | L1322: Active | M1322: =Table1[[#This Row],[Cases]]*Table1[[#This Row],[Pack Size]] -> 0 | N1322: =Table1[[#This Row],[Cases]]*Table1[[#This Row],[Pack Size]] -> 8000 | O1322: =IFERROR(VLOOKUP(Table1[[#This Row],[SKU Code]],'SKU Size'!$G:$H,2,FALSE),0)*Table1[[#This Row],[Cases]] -> 990123.58 | P1322: 3400940 | Q1322: =IFERROR(VLOOKUP(Table1[[#This Row],[Trim Distributor Code]],Sheet1!$N:$O,2,FALSE),0) -> 0 | R1322: =IFERROR(VLOOKUP(Table1[[#This Row],[Salesflo AppUser Code]],HIE!$A:$B,2,FALSE),0) -> 0 | S1322: =IFERROR(VLOOKUP(Table1[[#This Row],[Salesflo AppUser Code]],HIE!$A:$B,2,FALSE),0) -> 0 | T1322: Shahid Pervaiz | U1322: LMT North | V1322: Adult Diapers | W1322: Sofped | X1322: =IFERROR(VLOOKUP( Table1[[#This Row],[Trim Distributor Code]],Sheet1!$A:$J,10,FALSE),0) -> 0
A1323: Shahid | B1323: Owais Mehmood/katryia Retail | D1323: Active | E1323: 3400940 | F1323: KATARIA RETAIL (PRIVATE) LTD (RE) | G1323: MOMSE | H1323: DIAPER | I1323: MOMSEDIAPER | J1323: SKU00428 | K1323: 550 | L1323: Active | M1323: =Table1[[#This Row],[Cases]]*Table1[[#This Row],[Pack Size]] -> 0 | N1323: =Table1[[#This Row],[Cases]]*Table1[[#This Row],[Pack Size]] -> 158400 | O1323: =IFERROR(VLOOKUP(Table1[[#This Row],[SKU Code]],'SKU Size'!$G:$H,2,FALSE),0)*Table1[[#This Row],[Cases]] -> 4511210 | P1323: 3400940 | Q1323: =IFERROR(VLOOKUP(Table1[[#This Row],[Trim Distributor Code]],Sheet1!$N:$O,2,FALSE),0) -> 0 | R1323: =IFERROR(VLOOKUP(Table1[[#This Row],[Salesflo AppUser Code]],HIE!$A:$B,2,FALSE),0) -> 0 | S1323: =IFERROR(VLOOKUP(Table1[[#This Row],[Salesflo AppUser Code]],HIE!$A:$B,2,FALSE),0) -> 0 | T1323: Shahid Pervaiz | U1323: LMT North | V1323: Baby Diapers | W1323: Momse | X1323: =IFERROR(VLOOKUP( Table1[[#This Row],[Trim Distributor Code]],Sheet1!$A:$J,10,FALSE),0) -> 0
A1324: Shahid | B1324: Owais Mehmood/katryia Retail | D1324: Active | E1324: 3400940 | F1324: KATARIA RETAIL (PRIVATE) LTD (RE) | G1324: BONA MAGIC | H1324: DIAPER | I1324: BONA MAGICDIAPER | J1324: SKU00300 | K1324: 650 | L1324: Active | M1324: =Table1[[#This Row],[Cases]]*Table1[[#This Row],[Pack Size]] -> 0 | N1324: =Table1[[#This Row],[Cases]]*Table1[[#This Row],[Pack Size]] -> 228800 | O1324: =IFERROR(VLOOKUP(Table1[[#This Row],[SKU Code]],'SKU Size'!$G:$H,2,FALSE),0)*Table1[[#This Row],[Cases]] -> 5697086.4 | P1324: 3400940 | Q1324: =IFERROR(VLOOKUP(Table1[[#This Row],[Trim Distributor Code]],Sheet1!$N:$O,2,FALSE),0) -> 0 | R1324: =IFERROR(VLOOKUP(Table1[[#This Row],[Salesflo AppUser Code]],HIE!$A:$B,2,FALSE),0) -> 0 | S1324: =IFERROR(VLOOKUP(Table1[[#This Row],[Salesflo AppUser Code]],HIE!$A:$B,2,FALSE),0) -> 0 | T1324: Shahid Pervaiz | U1324: LMT North | V1324: Baby Diapers | W1324: Bona Magic | X1324: =IFERROR(VLOOKUP( Table1[[#This Row],[Trim Distributor Code]],Sheet1!$A:$J,10,FALSE),0) -> 0
A1325: Shahid | B1325: Owais Mehmood/katryia Retail | D1325: Active | E1325: 3400940 | F1325: KATARIA RETAIL (PRIVATE) LTD (RE) | G1325: MOMSE | H1325: PANTS | I1325: MOMSEPANTS | J1325: SKU00434 | K1325: 350 | L1325: Active | M1325: =Table1[[#This Row],[Cases]]*Table1[[#This Row],[Pack Size]] -> 0 | N1325: =Table1[[#This Row],[Cases]]*Table1[[#This Row],[Pack Size]] -> 67200 | O1325: =IFERROR(VLOOKUP(Table1[[#This Row],[SKU Code]],'SKU Size'!$G:$H,2,FALSE),0)*Table1[[#This Row],[Cases]] -> 2907044.6 | P1325: 3400940 | Q1325: =IFERROR(VLOOKUP(Table1[[#This Row],[Trim Distributor Code]],Sheet1!$N:$O,2,FALSE),0) -> 0 | R1325: =IFERROR(VLOOKUP(Table1[[#This Row],[Salesflo AppUser Code]],HIE!$A:$B,2,FALSE),0) -> 0 | S1325: =IFERROR(VLOOKUP(Table1[[#This Row],[Salesflo AppUser Code]],HIE!$A:$B,2,FALSE),0) -> 0 | T1325: Shahid Pervaiz | U1325: LMT North | V1325: Pants | W1325: Momse | X1325: =IFERROR(VLOOKUP( Table1[[#This Row],[Trim Distributor Code]],Sheet1!$A:$J,10,FALSE),0) -> 0
A1326: Shahid | B1326: Owais Mehmood/katryia Retail | D1326: Active | E1326: 3400940 | F1326: KATARIA RETAIL (PRIVATE) LTD (RE) | G1326: MOMSE | H1326: WIPES | I1326: MOMSEWIPES | J1326: SKU00457 | K1326: 252 | L1326: Active | M1326: =Table1[[#This Row],[Cases]]*Table1[[#This Row],[Pack Size]] -> 0 | N1326: =Table1[[#This Row],[Cases]]*Table1[[#This Row],[Pack Size]] -> 6048 | O1326: =IFERROR(VLOOKUP(Table1[[#This Row],[SKU Code]],'SKU Size'!$G:$H,2,FALSE),0)*Table1[[#This Row],[Cases]] -> 1880586.1 | P1326: 3400940 | Q1326: =IFERROR(VLOOKUP(Table1[[#This Row],[Trim Distributor Code]],Sheet1!$N:$O,2,FALSE),0) -> 0 | R1326: =IFERROR(VLOOKUP(Table1[[#This Row],[Salesflo AppUser Code]],HIE!$A:$B,2,FALSE),0) -> 0 | S1326: =IFERROR(VLOOKUP(Table1[[#This Row],[Salesflo AppUser Code]],HIE!$A:$B,2,FALSE),0) -> 0 | T1326: Shahid Pervaiz | U1326: LMT North | V1326: Wipes | W1326: Momse | X1326: =IFERROR(VLOOKUP( Table1[[#This Row],[Trim Distributor Code]],Sheet1!$A:$J,10,FALSE),0) -> 0
A1327: Shahid | B1327: Owais Mehmood/katryia Retail | D1327: Active | E1327: 3400940 | F1327: KATARIA RETAIL (PRIVATE) LTD (RE) | G1327: BONA MAGIC | H1327: WIPES | I1327: BONA MAGICWIPES | J1327: SKU00292 | K1327: 400 | L1327: Active | M1327: =Table1[[#This Row],[Cases]]*Table1[[#This Row],[Pack Size]] -> 0 | N1327: =Table1[[#This Row],[Cases]]*Table1[[#This Row],[Pack Size]] -> 9600 | O1327: =IFERROR(VLOOKUP(Table1[[#This Row],[SKU Code]],'SKU Size'!$G:$H,2,FALSE),0)*Table1[[#This Row],[Cases]] -> 1436589.3 | P1327: 3400940 | Q1327: =IFERROR(VLOOKUP(Table1[[#This Row],[Trim Distributor Code]],Sheet1!$N:$O,2,FALSE),0) -> 0 | R1327: =IFERROR(VLOOKUP(Table1[[#This Row],[Salesflo AppUser Code]],HIE!$A:$B,2,FALSE),0) -> 0 | S1327: =IFERROR(VLOOKUP(Table1[[#This Row],[Salesflo AppUser Code]],HIE!$A:$B,2,FALSE),0) -> 0 | T1327: Shahid Pervaiz | U1327: LMT North | V1327: Wipes | W1327: Bona Magic | X1327: =IFERROR(VLOOKUP( Table1[[#This Row],[Trim Distributor Code]],Sheet1!$A:$J,10,FALSE),0) -> 0
A1328: Faheem | B1328: D0428OB1 | C1328: Atif Butt | D1328: Active | E1328: D0428 | F1328: Mohsin Enterprises | G1328: BONA MAGIC | H1328: DIAPER | I1328: BONA MAGICDIAPER | J1328: SKU00300 | K1328: 600 | L1328: Active | M1328: =Table1[[#This Row],[Cases]]*Table1[[#This Row],[Pack Size]] -> 0 | N1328: =Table1[[#This Row],[Cases]]*Table1[[#This Row],[Pack Size]] -> 211200 | O1328: =IFERROR(VLOOKUP(Table1[[#This Row],[SKU Code]],'SKU Size'!$G:$H,2,FALSE),0)*Table1[[#This Row],[Cases]] -> 5258848.9 | P1328: =TRIM(E1328) -> D0428 | Q1328: =IFERROR(VLOOKUP(Table1[[#This Row],[Trim Distributor Code]],Sheet1!$N:$O,2,FALSE),0) -> D0124 | R1328: =IFERROR(VLOOKUP(Table1[[#This Row],[Salesflo AppUser Code]],HIE!$A:$B,2,FALSE),0) -> 0 | S1328: =IFERROR(VLOOKUP(Table1[[#This Row],[Salesflo AppUser Code]],HIE!$A:$B,2,FALSE),0) -> 0 | T1328: Atif Akram | U1328: Lahore | V1328: Baby Diapers | W1328: Bona Magic | X1328: =IFERROR(VLOOKUP( Table1[[#This Row],[Trim Distributor Code]],Sheet1!$A:$J,10,FALSE),0) -> Active
A1329: Faheem | B1329: D0428OB1 | C1329: Atif Butt | D1329: Active | E1329: D0428 | F1329: Mohsin Enterprises | G1329: MIMI PAPA | H1329: ADULT DIAPER | I1329: MIMI PAPAADULT DIAPER | J1329: SKU00269 | K1329: 10 | L1329: Active | M1329: =Table1[[#This Row],[Cases]]*Table1[[#This Row],[Pack Size]] -> 0 | N1329: =Table1[[#This Row],[Cases]]*Table1[[#This Row],[Pack Size]] -> 1000 | O1329: =IFERROR(VLOOKUP(Table1[[#This Row],[SKU Code]],'SKU Size'!$G:$H,2,FALSE),0)*Table1[[#This Row],[Cases]] -> 105686.74 | P1329: =TRIM(E1329) -> D0428 | Q1329: =IFERROR(VLOOKUP(Table1[[#This Row],[Trim Distributor Code]],Sheet1!$N:$O,2,FALSE),0) -> D0124 | R1329: =IFERROR(VLOOKUP(Table1[[#This Row],[Salesflo AppUser Code]],HIE!$A:$B,2,FALSE),0) -> 0 | S1329: =IFERROR(VLOOKUP(Table1[[#This Row],[Salesflo AppUser Code]],HIE!$A:$B,2,FALSE),0) -> 0 | T1329: Atif Akram | U1329: Lahore | V1329: Adult Diapers | W1329: Mimi Papa | X1329: =IFERROR(VLOOKUP( Table1[[#This Row],[Trim Distributor Code]],Sheet1!$A:$J,10,FALSE),0) -> Active
A1330: Faheem | B1330: D0428OB1 | C1330: Atif Butt | D1330: Active | E1330: D0428 | F1330: Mohsin Enterprises | G1330: TRULY | H1330: ADULT DIAPER | I1330: TRULYADULT DIAPER | J1330: SKU00695 | K1330: 1 | L1330: Active | M1330: =Table1[[#This Row],[Cases]]*Table1[[#This Row],[Pack Size]] -> 0 | N1330: =Table1[[#This Row],[Cases]]*Table1[[#This Row],[Pack Size]] -> 100 | O1330: =IFERROR(VLOOKUP(Table1[[#This Row],[SKU Code]],'SKU Size'!$G:$H,2,FALSE),0)*Table1[[#This Row],[Cases]] -> 7547.1347 | P1330: =TRIM(E1330) -> D0428 | Q1330: =IFERROR(VLOOKUP(Table1[[#This Row],[Trim Distributor Code]],Sheet1!$N:$O,2,FALSE),0) -> D0124 | R1330: =IFERROR(VLOOKUP(Table1[[#This Row],[Salesflo AppUser Code]],HIE!$A:$B,2,FALSE),0) -> 0 | S1330: =IFERROR(VLOOKUP(Table1[[#This Row],[Salesflo AppUser Code]],HIE!$A:$B,2,FALSE),0) -> 0 | T1330: Atif Akram | U1330: Lahore | V1330: Adult Diapers | W1330: Truly | X1330: =IFERROR(VLOOKUP( Table1[[#This Row],[Trim Distributor Code]],Sheet1!$A:$J,10,FALSE),0) -> Active
A1331: Faheem | B1331: D0428OB1 | C1331: Atif Butt | D1331: Active | E1331: D0428 | F1331: Mohsin Enterprises | G1331: SAFA CARE | H1331: ADULT DIAPER | I1331: SAFA CAREADULT DIAPER | J1331: SKU00264 | K1331: 6 | L1331: Active | M1331: =Table1[[#This Row],[Cases]]*Table1[[#This Row],[Pack Size]] -> 0 | N1331: =Table1[[#This Row],[Cases]]*Table1[[#This Row],[Pack Size]] -> 600 | O1331: =IFERROR(VLOOKUP(Table1[[#This Row],[SKU Code]],'SKU Size'!$G:$H,2,FALSE),0)*Table1[[#This Row],[Cases]] -> 60927.289 | P1331: =TRIM(E1331) -> D0428 | Q1331: =IFERROR(VLOOKUP(Table1[[#This Row],[Trim Distributor Code]],Sheet1!$N:$O,2,FALSE),0) -> D0124 | R1331: =IFERROR(VLOOKUP(Table1[[#This Row],[Salesflo AppUser Code]],HIE!$A:$B,2,FALSE),0) -> 0 | S1331: =IFERROR(VLOOKUP(Table1[[#This Row],[Salesflo AppUser Code]],HIE!$A:$B,2,FALSE),0) -> 0 | T1331: Atif Akram | U1331: Lahore | V1331: Adult Diapers | W1331: Safa Care | X1331: =IFERROR(VLOOKUP( Table1[[#This Row],[Trim Distributor Code]],Sheet1!$A:$J,10,FALSE),0) -> Active
A1332: Faheem | B1332: D0428OB1 | C1332: Atif Butt | D1332: Active | E1332: D0428 | F1332: Mohsin Enterprises | G1332: BONA MAGIC | H1332: WIPES | I1332: BONA MAGICWIPES | J1332: SKU00292 | K1332: 16 | L1332: Active | M1332: =Table1[[#This Row],[Cases]]*Table1[[#This Row],[Pack Size]] -> 0 | N1332: =Table1[[#This Row],[Cases]]*Table1[[#This Row],[Pack Size]] -> 384 | O1332: =IFERROR(VLOOKUP(Table1[[#This Row],[SKU Code]],'SKU Size'!$G:$H,2,FALSE),0)*Table1[[#This Row],[Cases]] -> 57463.572 | P1332: =TRIM(E1332) -> D0428 | Q1332: =IFERROR(VLOOKUP(Table1[[#This Row],[Trim Distributor Code]],Sheet1!$N:$O,2,FALSE),0) -> D0124 | R1332: =IFERROR(VLOOKUP(Table1[[#This Row],[Salesflo AppUser Code]],HIE!$A:$B,2,FALSE),0) -> 0 | S1332: =IFERROR(VLOOKUP(Table1[[#This Row],[Salesflo AppUser Code]],HIE!$A:$B,2,FALSE),0) -> 0 | T1332: Atif Akram | U1332: Lahore | V1332: Wipes | W1332: Bona Magic | X1332: =IFERROR(VLOOKUP( Table1[[#This Row],[Trim Distributor Code]],Sheet1!$A:$J,10,FALSE),0) -> Active
A1333: Faheem | B1333: D0428OB1 | C1333: Atif Butt | D1333: Active | E1333: D0428 | F1333: Mohsin Enterprises | G1333: SAFA CARE | H1333: WIPES | I1333: SAFA CAREWIPES | J1333: SKU00698 | K1333: 8 | L1333: Active | M1333: =Table1[[#This Row],[Cases]]*Table1[[#This Row],[Pack Size]] -> 0 | N1333: =Table1[[#This Row],[Cases]]*Table1[[#This Row],[Pack Size]] -> 384 | O1333: =IFERROR(VLOOKUP(Table1[[#This Row],[SKU Code]],'SKU Size'!$G:$H,2,FALSE),0)*Table1[[#This Row],[Cases]] -> 8031.319 | P1333: =TRIM(E1333) -> D0428 | Q1333: =IFERROR(VLOOKUP(Table1[[#This Row],[Trim Distributor Code]],Sheet1!$N:$O,2,FALSE),0) -> D0124 | R1333: =IFERROR(VLOOKUP(Table1[[#This Row],[Salesflo AppUser Code]],HIE!$A:$B,2,FALSE),0) -> 0 | S1333: =IFERROR(VLOOKUP(Table1[[#This Row],[Salesflo AppUser Code]],HIE!$A:$B,2,FALSE),0) -> 0 | T1333: Atif Akram | U1333: Lahore | V1333: Wipes | W1333: Safa Care | X1333: =IFERROR(VLOOKUP( Table1[[#This Row],[Trim Distributor Code]],Sheet1!$A:$J,10,FALSE),0) -> Active
A1334: Faheem | B1334: D0428OB1 | C1334: Atif Butt | D1334: Active | E1334: D0428 | F1334: Mohsin Enterprises | G1334: YES | H1334: SANITARY NAPKIN | I1334: YESSANITARY NAPKIN | J1334: SKU00670 | K1334: 20 | L1334: Active | M1334: =Table1[[#This Row],[Cases]]*Table1[[#This Row],[Pack Size]] -> 0 | N1334: =Table1[[#This Row],[Cases]]*Table1[[#This Row],[Pack Size]] -> 9600 | O1334: =IFERROR(VLOOKUP(Table1[[#This Row],[SKU Code]],'SKU Size'!$G:$H,2,FALSE),0)*Table1[[#This Row],[Cases]] -> 99859.707 | P1334: =TRIM(E1334) -> D0428 | Q1334: =IFERROR(VLOOKUP(Table1[[#This Row],[Trim Distributor Code]],Sheet1!$N:$O,2,FALSE),0) -> D0124 | R1334: =IFERROR(VLOOKUP(Table1[[#This Row],[Salesflo AppUser Code]],HIE!$A:$B,2,FALSE),0) -> 0 | S1334: =IFERROR(VLOOKUP(Table1[[#This Row],[Salesflo AppUser Code]],HIE!$A:$B,2,FALSE),0) -> 0 | T1334: Atif Akram | U1334: Lahore | V1334: Sanitary Napkin | W1334: YES | X1334: =IFERROR(VLOOKUP( Table1[[#This Row],[Trim Distributor Code]],Sheet1!$A:$J,10,FALSE),0) -> Active
A1335: Faheem | B1335: D0428OB1 | C1335: Atif Butt | D1335: Active | E1335: D0428 | F1335: Mohsin Enterprises | G1335: TEGRA | H1335: PERSONAL CARE | I1335: TEGRAPERSONAL CARE | J1335: SKU00530 | K1335: 2 | L1335: Active | M1335: =Table1[[#This Row],[Cases]]*Table1[[#This Row],[Pack Size]] -> 0 | N1335: =Table1[[#This Row],[Cases]]*Table1[[#This Row],[Pack Size]] -> 576 | O1335: =IFERROR(VLOOKUP(Table1[[#This Row],[SKU Code]],'SKU Size'!$G:$H,2,FALSE),0)*Table1[[#This Row],[Cases]] -> 9706.8585 | P1335: =TRIM(E1335) -> D0428 | Q1335: =IFERROR(VLOOKUP(Table1[[#This Row],[Trim Distributor Code]],Sheet1!$N:$O,2,FALSE),0) -> D0124 | R1335: =IFERROR(VLOOKUP(Table1[[#This Row],[Salesflo AppUser Code]],HIE!$A:$B,2,FALSE),0) -> 0 | S1335: =IFERROR(VLOOKUP(Table1[[#This Row],[Salesflo AppUser Code]],HIE!$A:$B,2,FALSE),0) -> 0 | T1335: Atif Akram | U1335: Lahore | V1335: Personal Care | W1335: Tegra RZ | X1335: =IFERROR(VLOOKUP( Table1[[#This Row],[Trim Distributor Code]],Sheet1!$A:$J,10,FALSE),0) -> Active
A1336: Faheem | B1336: D0428OB1 | C1336: Atif Butt | D1336: Active | E1336: D0428 | F1336: Mohsin Enterprises | G1336: TEGRA | H1336: ORAL CARE | I1336: TEGRAORAL CARE | J1336: SKU00535 | K1336: 2 | L1336: Active | M1336: =Table1[[#This Row],[Cases]]*Table1[[#This Row],[Pack Size]] -> 0 | N1336: =Table1[[#This Row],[Cases]]*Table1[[#This Row],[Pack Size]] -> 288 | O1336: =IFERROR(VLOOKUP(Table1[[#This Row],[SKU Code]],'SKU Size'!$G:$H,2,FALSE),0)*Table1[[#This Row],[Cases]] -> 11050.978 | P1336: =TRIM(E1336) -> D0428 | Q1336: =IFERROR(VLOOKUP(Table1[[#This Row],[Trim Distributor Code]],Sheet1!$N:$O,2,FALSE),0) -> D0124 | R1336: =IFERROR(VLOOKUP(Table1[[#This Row],[Salesflo AppUser Code]],HIE!$A:$B,2,FALSE),0) -> 0 | S1336: =IFERROR(VLOOKUP(Table1[[#This Row],[Salesflo AppUser Code]],HIE!$A:$B,2,FALSE),0) -> 0 | T1336: Atif Akram | U1336: Lahore | V1336: Oral Care | W1336: Tegra TB | X1336: =IFERROR(VLOOKUP( Table1[[#This Row],[Trim Distributor Code]],Sheet1!$A:$J,10,FALSE),0) -> Active
A1337: Faheem | B1337: D0428OB1 | C1337: Atif Butt | D1337: Active | E1337: D0428 | F1337: Mohsin Enterprises | G1337: MOMSE | H1337: DIAPER | I1337: MOMSEDIAPER | J1337: SKU00428 | K1337: 40 | L1337: Active | M1337: =Table1[[#This Row],[Cases]]*Table1[[#This Row],[Pack Size]] -> 0 | N1337: =Table1[[#This Row],[Cases]]*Table1[[#This Row],[Pack Size]] -> 11520 | O1337: =IFERROR(VLOOKUP(Table1[[#This Row],[SKU Code]],'SKU Size'!$G:$H,2,FALSE),0)*Table1[[#This Row],[Cases]] -> 328088 | P1337: =TRIM(E1337) -> D0428 | Q1337: =IFERROR(VLOOKUP(Table1[[#This Row],[Trim Distributor Code]],Sheet1!$N:$O,2,FALSE),0) -> D0124 | R1337: =IFERROR(VLOOKUP(Table1[[#This Row],[Salesflo AppUser Code]],HIE!$A:$B,2,FALSE),0) -> 0 | S1337: =IFERROR(VLOOKUP(Table1[[#This Row],[Salesflo AppUser Code]],HIE!$A:$B,2,FALSE),0) -> 0 | T1337: Atif Akram | U1337: Lahore | V1337: Baby Diapers | W1337: Momse | X1337: =IFERROR(VLOOKUP( Table1[[#This Row],[Trim Distributor Code]],Sheet1!$A:$J,10,FALSE),0) -> Active
A1338: Faheem | B1338: D0428OB1 | C1338: Atif Butt | D1338: Active | E1338: D0428 | F1338: Mohsin Enterprises | G1338: SOFPED | H1338: ADULT DIAPER | I1338: SOFPEDADULT DIAPER | J1338: SKU00459 | K1338: 20 | L1338: Active | M1338: =Table1[[#This Row],[Cases]]*Table1[[#This Row],[Pack Size]] -> 0 | N1338: =Table1[[#This Row],[Cases]]*Table1[[#This Row],[Pack Size]] -> 2000 | O1338: =IFERROR(VLOOKUP(Table1[[#This Row],[SKU Code]],'SKU Size'!$G:$H,2,FALSE),0)*Table1[[#This Row],[Cases]] -> 247530.89 | P1338: =TRIM(E1338) -> D0428 | Q1338: =IFERROR(VLOOKUP(Table1[[#This Row],[Trim Distributor Code]],Sheet1!$N:$O,2,FALSE),0) -> D0124 | R1338: =IFERROR(VLOOKUP(Table1[[#This Row],[Salesflo AppUser Code]],HIE!$A:$B,2,FALSE),0) -> 0 | S1338: =IFERROR(VLOOKUP(Table1[[#This Row],[Salesflo AppUser Code]],HIE!$A:$B,2,FALSE),0) -> 0 | T1338: Atif Akram | U1338: Lahore | V1338: Adult Diapers | W1338: Sofped | X1338: =IFERROR(VLOOKUP( Table1[[#This Row],[Trim Distributor Code]],Sheet1!$A:$J,10,FALSE),0) -> Active
A1339: Faheem | B1339: D0428OB1 | C1339: Atif Butt | D1339: Active | E1339: D0428 | F1339: Mohsin Enterprises | G1339: Momse | H1339: WIPES | I1339: MomseWIPES | J1339: SKU00457 | K1339: 2 | L1339: Active | M1339: =Table1[[#This Row],[Cases]]*Table1[[#This Row],[Pack Size]] -> 0 | N1339: =Table1[[#This Row],[Cases]]*Table1[[#This Row],[Pack Size]] -> 48 | O1339: =IFERROR(VLOOKUP(Table1[[#This Row],[SKU Code]],'SKU Size'!$G:$H,2,FALSE),0)*Table1[[#This Row],[Cases]] -> 14925.286 | P1339: =TRIM(E1339) -> D0428 | Q1339: =IFERROR(VLOOKUP(Table1[[#This Row],[Trim Distributor Code]],Sheet1!$N:$O,2,FALSE),0) -> D0124 | R1339: =IFERROR(VLOOKUP(Table1[[#This Row],[Salesflo AppUser Code]],HIE!$A:$B,2,FALSE),0) -> 0 | S1339: =IFERROR(VLOOKUP(Table1[[#This Row],[Salesflo AppUser Code]],HIE!$A:$B,2,FALSE),0) -> 0 | T1339: Atif Akram | U1339: Lahore | V1339: Wipes | W1339: Momse | X1339: =IFERROR(VLOOKUP( Table1[[#This Row],[Trim Distributor Code]],Sheet1!$A:$J,10,FALSE),0) -> Active
... A1502: Atif (Lhr) | B1502: D0435OB1 | C1502: Rehman Hameed | D1502: Active | E1502: D0435 | F1502: ZS Traders | G1502: MIMI PAPA | H1502: ADULT DIAPER | I1502: MIMI PAPAADULT DIAPER | J1502: SKU00269 | K1502: 3 | L1502: Active | M1502: =Table1[[#This Row],[Cases]]*Table1[[#This Row],[Pack Size]] -> 0 | N1502: =Table1[[#This Row],[Cases]]*Table1[[#This Row],[Pack Size]] -> 300 | O1502: =IFERROR(VLOOKUP(Table1[[#This Row],[SKU Code]],'SKU Size'!$G:$H,2,FALSE),0)*Table1[[#This Row],[Cases]] -> 31706.022 | P1502: =TRIM(E1502) -> D0435 | Q1502: =IFERROR(VLOOKUP(Table1[[#This Row],[Trim Distributor Code]],Sheet1!$N:$O,2,FALSE),0) -> D0115 | R1502: =IFERROR(VLOOKUP(Table1[[#This Row],[Salesflo AppUser Code]],HIE!$A:$B,2,FALSE),0) -> 0 | S1502: =IFERROR(VLOOKUP(Table1[[#This Row],[Salesflo AppUser Code]],HIE!$A:$B,2,FALSE),0) -> 0 | T1502: Atif Akram | U1502: Lahore | V1502: Adult Diapers | W1502: Mimi Papa | X1502: =IFERROR(VLOOKUP( Table1[[#This Row],[Trim Distributor Code]],Sheet1!$A:$J,10,FALSE),0) -> Active
A1503: Atif (Lhr) | B1503: D0435OB1 | C1503: Rehman Hameed | D1503: Active | E1503: D0435 | F1503: ZS Traders | G1503: TRULY | H1503: ADULT DIAPER | J1503: SKU00695 | K1503: 0.5 | L1503: Active | M1503: =Table1[[#This Row],[Cases]]*Table1[[#This Row],[Pack Size]] -> 0 | N1503: =Table1[[#This Row],[Cases]]*Table1[[#This Row],[Pack Size]] -> 50 | O1503: =IFERROR(VLOOKUP(Table1[[#This Row],[SKU Code]],'SKU Size'!$G:$H,2,FALSE),0)*Table1[[#This Row],[Cases]] -> 3773.5674 | P1503: =TRIM(E1503) -> D0435 | Q1503: =IFERROR(VLOOKUP(Table1[[#This Row],[Trim Distributor Code]],Sheet1!$N:$O,2,FALSE),0) -> D0115 | R1503: =IFERROR(VLOOKUP(Table1[[#This Row],[Salesflo AppUser Code]],HIE!$A:$B,2,FALSE),0) -> 0 | S1503: =IFERROR(VLOOKUP(Table1[[#This Row],[Salesflo AppUser Code]],HIE!$A:$B,2,FALSE),0) -> 0 | T1503: Atif Akram | U1503: Lahore | V1503: Adult Diapers | W1503: Truly | X1503: =IFERROR(VLOOKUP( Table1[[#This Row],[Trim Distributor Code]],Sheet1!$A:$J,10,FALSE),0) -> Active
A1504: Atif (Lhr) | B1504: D0435OB1 | C1504: Rehman Hameed | D1504: Active | E1504: D0435 | F1504: ZS Traders | G1504: SOFPED | H1504: ADULT DIAPER | I1504: SOFPEDADULT DIAPER | J1504: SKU00459 | K1504: 1.5 | L1504: Active | M1504: =Table1[[#This Row],[Cases]]*Table1[[#This Row],[Pack Size]] -> 0 | N1504: =Table1[[#This Row],[Cases]]*Table1[[#This Row],[Pack Size]] -> 150 | O1504: =IFERROR(VLOOKUP(Table1[[#This Row],[SKU Code]],'SKU Size'!$G:$H,2,FALSE),0)*Table1[[#This Row],[Cases]] -> 18564.817 | P1504: =TRIM(E1504) -> D0435 | Q1504: =IFERROR(VLOOKUP(Table1[[#This Row],[Trim Distributor Code]],Sheet1!$N:$O,2,FALSE),0) -> D0115 | R1504: =IFERROR(VLOOKUP(Table1[[#This Row],[Salesflo AppUser Code]],HIE!$A:$B,2,FALSE),0) -> 0 | S1504: =IFERROR(VLOOKUP(Table1[[#This Row],[Salesflo AppUser Code]],HIE!$A:$B,2,FALSE),0) -> 0 | T1504: Atif Akram | U1504: Lahore | V1504: Adult Diapers | W1504: Sofped | X1504: =IFERROR(VLOOKUP( Table1[[#This Row],[Trim Distributor Code]],Sheet1!$A:$J,10,FALSE),0) -> Active
A1505: Atif (Lhr) | B1505: D0435OB1 | C1505: Rehman Hameed | D1505: Active | E1505: D0435 | F1505: ZS Traders | G1505: SAFA CARE | H1505: ADULT DIAPER | I1505: SAFA CAREADULT DIAPER | J1505: SKU00264 | K1505: 2.5 | L1505: Active | M1505: =Table1[[#This Row],[Cases]]*Table1[[#This Row],[Pack Size]] -> 0 | N1505: =Table1[[#This Row],[Cases]]*Table1[[#This Row],[Pack Size]] -> 250 | O1505: =IFERROR(VLOOKUP(Table1[[#This Row],[SKU Code]],'SKU Size'!$G:$H,2,FALSE),0)*Table1[[#This Row],[Cases]] -> 25386.37 | P1505: =TRIM(E1505) -> D0435 | Q1505: =IFERROR(VLOOKUP(Table1[[#This Row],[Trim Distributor Code]],Sheet1!$N:$O,2,FALSE),0) -> D0115 | R1505: =IFERROR(VLOOKUP(Table1[[#This Row],[Salesflo AppUser Code]],HIE!$A:$B,2,FALSE),0) -> 0 | S1505: =IFERROR(VLOOKUP(Table1[[#This Row],[Salesflo AppUser Code]],HIE!$A:$B,2,FALSE),0) -> 0 | T1505: Atif Akram | U1505: Lahore | V1505: Adult Diapers | W1505: Safa Care | X1505: =IFERROR(VLOOKUP( Table1[[#This Row],[Trim Distributor Code]],Sheet1!$A:$J,10,FALSE),0) -> Active
A1506: Atif (Lhr) | B1506: D0435OB1 | C1506: Rehman Hameed | D1506: Active | E1506: D0435 | F1506: ZS Traders | G1506: BONA MAGIC | H1506: WIPES | I1506: BONA MAGICWIPES | J1506: SKU00292 | K1506: 6 | L1506: Active | M1506: =Table1[[#This Row],[Cases]]*Table1[[#This Row],[Pack Size]] -> 0 | N1506: =Table1[[#This Row],[Cases]]*Table1[[#This Row],[Pack Size]] -> 144 | O1506: =IFERROR(VLOOKUP(Table1[[#This Row],[SKU Code]],'SKU Size'!$G:$H,2,FALSE),0)*Table1[[#This Row],[Cases]] -> 21548.84 | P1506: =TRIM(E1506) -> D0435 | Q1506: =IFERROR(VLOOKUP(Table1[[#This Row],[Trim Distributor Code]],Sheet1!$N:$O,2,FALSE),0) -> D0115 | R1506: =IFERROR(VLOOKUP(Table1[[#This Row],[Salesflo AppUser Code]],HIE!$A:$B,2,FALSE),0) -> 0 | S1506: =IFERROR(VLOOKUP(Table1[[#This Row],[Salesflo AppUser Code]],HIE!$A:$B,2,FALSE),0) -> 0 | T1506: Atif Akram | U1506: Lahore | V1506: Wipes | W1506: Bona Magic | X1506: =IFERROR(VLOOKUP( Table1[[#This Row],[Trim Distributor Code]],Sheet1!$A:$J,10,FALSE),0) -> Active
A1507: Atif (Lhr) | B1507: D0435OB1 | C1507: Rehman Hameed | D1507: Active | E1507: D0435 | F1507: ZS Traders | G1507: MOMSE | H1507: WIPES | I1507: MOMSEWIPES | J1507: SKU00457 | K1507: 1.5 | L1507: Active | M1507: =Table1[[#This Row],[Cases]]*Table1[[#This Row],[Pack Size]] -> 0 | N1507: =Table1[[#This Row],[Cases]]*Table1[[#This Row],[Pack Size]] -> 36 | O1507: =IFERROR(VLOOKUP(Table1[[#This Row],[SKU Code]],'SKU Size'!$G:$H,2,FALSE),0)*Table1[[#This Row],[Cases]] -> 11193.965 | P1507: =TRIM(E1507) -> D0435 | Q1507: =IFERROR(VLOOKUP(Table1[[#This Row],[Trim Distributor Code]],Sheet1!$N:$O,2,FALSE),0) -> D0115 | R1507: =IFERROR(VLOOKUP(Table1[[#This Row],[Salesflo AppUser Code]],HIE!$A:$B,2,FALSE),0) -> 0 | S1507: =IFERROR(VLOOKUP(Table1[[#This Row],[Salesflo AppUser Code]],HIE!$A:$B,2,FALSE),0) -> 0 | T1507: Atif Akram | U1507: Lahore | V1507: Wipes | W1507: Momse | X1507: =IFERROR(VLOOKUP( Table1[[#This Row],[Trim Distributor Code]],Sheet1!$A:$J,10,FALSE),0) -> Active
A1508: Atif (Lhr) | B1508: D0435OB1 | C1508: Rehman Hameed | D1508: Active | E1508: D0435 | F1508: ZS Traders | G1508: SAFA CARE | H1508: WIPES | I1508: SAFA CAREWIPES | J1508: SKU00698 | K1508: 2.5 | L1508: Active | M1508: =Table1[[#This Row],[Cases]]*Table1[[#This Row],[Pack Size]] -> 0 | N1508: =Table1[[#This Row],[Cases]]*Table1[[#This Row],[Pack Size]] -> 120 | O1508: =IFERROR(VLOOKUP(Table1[[#This Row],[SKU Code]],'SKU Size'!$G:$H,2,FALSE),0)*Table1[[#This Row],[Cases]] -> 2509.7872 | P1508: =TRIM(E1508) -> D0435 | Q1508: =IFERROR(VLOOKUP(Table1[[#This Row],[Trim Distributor Code]],Sheet1!$N:$O,2,FALSE),0) -> D0115 | R1508: =IFERROR(VLOOKUP(Table1[[#This Row],[Salesflo AppUser Code]],HIE!$A:$B,2,FALSE),0) -> 0 | S1508: =IFERROR(VLOOKUP(Table1[[#This Row],[Salesflo AppUser Code]],HIE!$A:$B,2,FALSE),0) -> 0 | T1508: Atif Akram | U1508: Lahore | V1508: Wipes | W1508: Safa Care | X1508: =IFERROR(VLOOKUP( Table1[[#This Row],[Trim Distributor Code]],Sheet1!$A:$J,10,FALSE),0) -> Active
A1509: Atif (Lhr) | B1509: D0435OB1 | C1509: Rehman Hameed | D1509: Active | E1509: D0435 | F1509: ZS Traders | G1509: Bona Papa | H1509: Toiletries | I1509: Bona PapaToiletries | J1509: SKU00809 | K1509: 2.5 | L1509: Active | M1509: =Table1[[#This Row],[Cases]]*Table1[[#This Row],[Pack Size]] -> 0 | N1509: =Table1[[#This Row],[Cases]]*Table1[[#This Row],[Pack Size]] -> 240 | O1509: =IFERROR(VLOOKUP(Table1[[#This Row],[SKU Code]],'SKU Size'!$G:$H,2,FALSE),0)*Table1[[#This Row],[Cases]] -> 0 | P1509: =TRIM(E1509) -> D0435 | Q1509: =IFERROR(VLOOKUP(Table1[[#This Row],[Trim Distributor Code]],Sheet1!$N:$O,2,FALSE),0) -> D0115 | R1509: =IFERROR(VLOOKUP(Table1[[#This Row],[Salesflo AppUser Code]],HIE!$A:$B,2,FALSE),0) -> 0 | S1509: =IFERROR(VLOOKUP(Table1[[#This Row],[Salesflo AppUser Code]],HIE!$A:$B,2,FALSE),0) -> 0 | T1509: Atif Akram | U1509: Lahore | V1509: Toiletries | W1509: Bona Papa | X1509: =IFERROR(VLOOKUP( Table1[[#This Row],[Trim Distributor Code]],Sheet1!$A:$J,10,FALSE),0) -> Active
A1510: Atif (Lhr) | B1510: D0435OB1 | C1510: Rehman Hameed | D1510: Active | E1510: D0435 | F1510: ZS Traders | G1510: YES | H1510: Sanitary Napkin | I1510: YESSanitary Napkin | J1510: SKU00670 | K1510: 5 | L1510: Active | M1510: =Table1[[#This Row],[Cases]]*Table1[[#This Row],[Pack Size]] -> 0 | N1510: =Table1[[#This Row],[Cases]]*Table1[[#This Row],[Pack Size]] -> 2400 | O1510: =IFERROR(VLOOKUP(Table1[[#This Row],[SKU Code]],'SKU Size'!$G:$H,2,FALSE),0)*Table1[[#This Row],[Cases]] -> 24964.927 | P1510: =TRIM(E1510) -> D0435 | Q1510: =IFERROR(VLOOKUP(Table1[[#This Row],[Trim Distributor Code]],Sheet1!$N:$O,2,FALSE),0) -> D0115 | R1510: =IFERROR(VLOOKUP(Table1[[#This Row],[Salesflo AppUser Code]],HIE!$A:$B,2,FALSE),0) -> 0 | S1510: =IFERROR(VLOOKUP(Table1[[#This Row],[Salesflo AppUser Code]],HIE!$A:$B,2,FALSE),0) -> 0 | T1510: Atif Akram | U1510: Lahore | V1510: Sanitary Napkin | W1510: YES | X1510: =IFERROR(VLOOKUP( Table1[[#This Row],[Trim Distributor Code]],Sheet1!$A:$J,10,FALSE),0) -> Active
A1511: Atif (Lhr) | B1511: D0435OB1 | C1511: Rehman Hameed | D1511: Active | E1511: D0435 | F1511: ZS Traders | G1511: TEGRA | H1511: PERSONAL CARE | I1511: TEGRAPERSONAL CARE | J1511: SKU00530 | K1511: 1 | L1511: Active | M1511: =Table1[[#This Row],[Cases]]*Table1[[#This Row],[Pack Size]] -> 0 | N1511: =Table1[[#This Row],[Cases]]*Table1[[#This Row],[Pack Size]] -> 288 | O1511: =IFERROR(VLOOKUP(Table1[[#This Row],[SKU Code]],'SKU Size'!$G:$H,2,FALSE),0)*Table1[[#This Row],[Cases]] -> 4853.4293 | P1511: =TRIM(E1511) -> D0435 | Q1511: =IFERROR(VLOOKUP(Table1[[#This Row],[Trim Distributor Code]],Sheet1!$N:$O,2,FALSE),0) -> D0115 | R1511: =IFERROR(VLOOKUP(Table1[[#This Row],[Salesflo AppUser Code]],HIE!$A:$B,2,FALSE),0) -> 0 | S1511: =IFERROR(VLOOKUP(Table1[[#This Row],[Salesflo AppUser Code]],HIE!$A:$B,2,FALSE),0) -> 0 | T1511: Atif Akram | U1511: Lahore | V1511: Personal Care | W1511: Tegra RZ | X1511: =IFERROR(VLOOKUP( Table1[[#This Row],[Trim Distributor Code]],Sheet1!$A:$J,10,FALSE),0) -> Active
A1512: Atif (Lhr) | B1512: D0435OB1 | C1512: Rehman Hameed | D1512: Active | E1512: D0435 | F1512: ZS Traders | G1512: TEGRA | H1512: ORAL CARE | I1512: TEGRAORAL CARE | J1512: SKU00535 | K1512: 1 | L1512: Active | M1512: =Table1[[#This Row],[Cases]]*Table1[[#This Row],[Pack Size]] -> 0 | N1512: =Table1[[#This Row],[Cases]]*Table1[[#This Row],[Pack Size]] -> 144 | O1512: =IFERROR(VLOOKUP(Table1[[#This Row],[SKU Code]],'SKU Size'!$G:$H,2,FALSE),0)*Table1[[#This Row],[Cases]] -> 5525.4888 | P1512: =TRIM(E1512) -> D0435 | Q1512: =IFERROR(VLOOKUP(Table1[[#This Row],[Trim Distributor Code]],Sheet1!$N:$O,2,FALSE),0) -> D0115 | R1512: =IFERROR(VLOOKUP(Table1[[#This Row],[Salesflo AppUser Code]],HIE!$A:$B,2,FALSE),0) -> 0 | S1512: =IFERROR(VLOOKUP(Table1[[#This Row],[Salesflo AppUser Code]],HIE!$A:$B,2,FALSE),0) -> 0 | T1512: Atif Akram | U1512: Lahore | V1512: Oral Care | W1512: Tegra TB | X1512: =IFERROR(VLOOKUP( Table1[[#This Row],[Trim Distributor Code]],Sheet1!$A:$J,10,FALSE),0) -> Active
A1513: Atif (Lhr) | B1513: D0435OB2 | C1513: Junaid Arif | D1513: Active | E1513: D0435 | F1513: ZS Traders | G1513: Bona Magic | H1513: DIAPER | I1513: Bona MagicDIAPER | J1513: SKU00300 | K1513: 200 | L1513: Active | M1513: =Table1[[#This Row],[Cases]]*Table1[[#This Row],[Pack Size]] -> 0 | N1513: =Table1[[#This Row],[Cases]]*Table1[[#This Row],[Pack Size]] -> 70400 | O1513: =IFERROR(VLOOKUP(Table1[[#This Row],[SKU Code]],'SKU Size'!$G:$H,2,FALSE),0)*Table1[[#This Row],[Cases]] -> 1752949.6 | P1513: =TRIM(E1513) -> D0435 | Q1513: =IFERROR(VLOOKUP(Table1[[#This Row],[Trim Distributor Code]],Sheet1!$N:$O,2,FALSE),0) -> D0115 | R1513: =IFERROR(VLOOKUP(Table1[[#This Row],[Salesflo AppUser Code]],HIE!$A:$B,2,FALSE),0) -> 0 | S1513: =IFERROR(VLOOKUP(Table1[[#This Row],[Salesflo AppUser Code]],HIE!$A:$B,2,FALSE),0) -> 0 | T1513: Atif Akram | U1513: Lahore | V1513: Baby Diapers | W1513: Bona Magic | X1513: =IFERROR(VLOOKUP( Table1[[#This Row],[Trim Distributor Code]],Sheet1!$A:$J,10,FALSE),0) -> Active
A1514: Atif (Lhr) | B1514: D0435OB2 | C1514: Junaid Arif | D1514: Active | E1514: D0435 | F1514: ZS Traders | G1514: MOMSE | H1514: DIAPER | I1514: MOMSEDIAPER | J1514: SKU00428 | K1514: 10 | L1514: Active | M1514: =Table1[[#This Row],[Cases]]*Table1[[#This Row],[Pack Size]] -> 0 | N1514: =Table1[[#This Row],[Cases]]*Table1[[#This Row],[Pack Size]] -> 2880 | O1514: =IFERROR(VLOOKUP(Table1[[#This Row],[SKU Code]],'SKU Size'!$G:$H,2,FALSE),0)*Table1[[#This Row],[Cases]] -> 82022.001 | P1514: =TRIM(E1514) -> D0435 | Q1514: =IFERROR(VLOOKUP(Table1[[#This Row],[Trim Distributor Code]],Sheet1!$N:$O,2,FALSE),0) -> D0115 | R1514: =IFERROR(VLOOKUP(Table1[[#This Row],[Salesflo AppUser Code]],HIE!$A:$B,2,FALSE),0) -> 0 | S1514: =IFERROR(VLOOKUP(Table1[[#This Row],[Salesflo AppUser Code]],HIE!$A:$B,2,FALSE),0) -> 0 | T1514: Atif Akram | U1514: Lahore | V1514: Baby Diapers | W1514: Momse | X1514: =IFERROR(VLOOKUP( Table1[[#This Row],[Trim Distributor Code]],Sheet1!$A:$J,10,FALSE),0) -> Active
A1515: Atif (Lhr) | B1515: D0435OB2 | C1515: Junaid Arif | D1515: Active | E1515: D0435 | F1515: ZS Traders | G1515: MOMSE | H1515: PANTS | I1515: MOMSEPANTS | J1515: SKU00434 | K1515: 10 | L1515: Active | M1515: =Table1[[#This Row],[Cases]]*Table1[[#This Row],[Pack Size]] -> 0 | N1515: =Table1[[#This Row],[Cases]]*Table1[[#This Row],[Pack Size]] -> 1920 | O1515: =IFERROR(VLOOKUP(Table1[[#This Row],[SKU Code]],'SKU Size'!$G:$H,2,FALSE),0)*Table1[[#This Row],[Cases]] -> 83058.416 | P1515: =TRIM(E1515) -> D0435 | Q1515: =IFERROR(VLOOKUP(Table1[[#This Row],[Trim Distributor Code]],Sheet1!$N:$O,2,FALSE),0) -> D0115 | R1515: =IFERROR(VLOOKUP(Table1[[#This Row],[Salesflo AppUser Code]],HIE!$A:$B,2,FALSE),0) -> 0 | S1515: =IFERROR(VLOOKUP(Table1[[#This Row],[Salesflo AppUser Code]],HIE!$A:$B,2,FALSE),0) -> 0 | T1515: Atif Akram | U1515: Lahore | V1515: Pants | W1515: Momse | X1515: =IFERROR(VLOOKUP( Table1[[#This Row],[Trim Distributor Code]],Sheet1!$A:$J,10,FALSE),0) -> Active
A1516: Atif (Lhr) | B1516: D0435OB2 | C1516: Junaid Arif | D1516: Active | E1516: D0435 | F1516: ZS Traders | G1516: MIMI PAPA | H1516: ADULT DIAPER | I1516: MIMI PAPAADULT DIAPER | J1516: SKU00269 | K1516: 3 | L1516: Active | M1516: =Table1[[#This Row],[Cases]]*Table1[[#This Row],[Pack Size]] -> 0 | N1516: =Table1[[#This Row],[Cases]]*Table1[[#This Row],[Pack Size]] -> 300 | O1516: =IFERROR(VLOOKUP(Table1[[#This Row],[SKU Code]],'SKU Size'!$G:$H,2,FALSE),0)*Table1[[#This Row],[Cases]] -> 31706.022 | P1516: =TRIM(E1516) -> D0435 | Q1516: =IFERROR(VLOOKUP(Table1[[#This Row],[Trim Distributor Code]],Sheet1!$N:$O,2,FALSE),0) -> D0115 | R1516: =IFERROR(VLOOKUP(Table1[[#This Row],[Salesflo AppUser Code]],HIE!$A:$B,2,FALSE),0) -> 0 | S1516: =IFERROR(VLOOKUP(Table1[[#This Row],[Salesflo AppUser Code]],HIE!$A:$B,2,FALSE),0) -> 0 | T1516: Atif Akram | U1516: Lahore | V1516: Adult Diapers | W1516: Mimi Papa | X1516: =IFERROR(VLOOKUP( Table1[[#This Row],[Trim Distributor Code]],Sheet1!$A:$J,10,FALSE),0) -> Active
A1517: Atif (Lhr) | B1517: D0435OB2 | C1517: Junaid Arif | D1517: Active | E1517: D0435 | F1517: ZS Traders | G1517: TRULY | H1517: ADULT DIAPER | J1517: SKU00695 | K1517: 0.5 | L1517: Active | M1517: =Table1[[#This Row],[Cases]]*Table1[[#This Row],[Pack Size]] -> 0 | N1517: =Table1[[#This Row],[Cases]]*Table1[[#This Row],[Pack Size]] -> 50 | O1517: =IFERROR(VLOOKUP(Table1[[#This Row],[SKU Code]],'SKU Size'!$G:$H,2,FALSE),0)*Table1[[#This Row],[Cases]] -> 3773.5674 | P1517: =TRIM(E1517) -> D0435 | Q1517: =IFERROR(VLOOKUP(Table1[[#This Row],[Trim Distributor Code]],Sheet1!$N:$O,2,FALSE),0) -> D0115 | R1517: =IFERROR(VLOOKUP(Table1[[#This Row],[Salesflo AppUser Code]],HIE!$A:$B,2,FALSE),0) -> 0 | S1517: =IFERROR(VLOOKUP(Table1[[#This Row],[Salesflo AppUser Code]],HIE!$A:$B,2,FALSE),0) -> 0 | T1517: Atif Akram | U1517: Lahore | V1517: Adult Diapers | W1517: Truly | X1517: =IFERROR(VLOOKUP( Table1[[#This Row],[Trim Distributor Code]],Sheet1!$A:$J,10,FALSE),0) -> Active
...

Sheet Working File 
A1: Name | B1: Salesflo AppUser Code | C1: Distributor Code | D1: Code | E1: AppUser Name | F1: Dist Code | G1: Dist Name | H1: SKU Code | I1: Combine | J1: Cases
A2: Farhan | B2: D0001OB2 | C2: =LEFT(B2,5) -> D0001 | D2: =VLOOKUP(C2,Sheet5!F:H,3,) -> 1 | E2: ZAKIR Ahmed | F2: D0001 | G2: Ayan Trading | H2: SKU00258 | I2: =B2&H2 -> D0001OB2SKU00258 | J2: 15
A3: Farhan | B3: D0001OB2 | C3: =LEFT(B3,5) -> D0001 | D3: =VLOOKUP(C3,Sheet5!F:H,3,) -> 1 | E3: ZAKIR Ahmed | F3: D0001 | G3: Ayan Trading | H3: SKU00385 | I3: =B3&H3 -> D0001OB2SKU00385 | J3: 685
A4: Farhan | B4: D0001OB2 | C4: =LEFT(B4,5) -> D0001 | D4: =VLOOKUP(C4,Sheet5!F:H,3,) -> 1 | E4: ZAKIR Ahmed | F4: D0001 | G4: Ayan Trading | H4: SKU00323 | I4: =B4&H4 -> D0001OB2SKU00323 | J4: 2
A5: Farhan | B5: D0001OB2 | C5: =LEFT(B5,5) -> D0001 | D5: =VLOOKUP(C5,Sheet5!F:H,3,) -> 1 | E5: ZAKIR Ahmed | F5: D0001 | G5: Ayan Trading | H5: SKU00344 | I5: =B5&H5 -> D0001OB2SKU00344 | J5: 2
A6: Farhan | B6: D0001OB2 | C6: =LEFT(B6,5) -> D0001 | D6: =VLOOKUP(C6,Sheet5!F:H,3,) -> 1 | E6: ZAKIR Ahmed | F6: D0001 | G6: Ayan Trading | H6: SKU00340 | I6: =B6&H6 -> D0001OB2SKU00340 | J6: 1
A7: Farhan | B7: D0001OB2 | C7: =LEFT(B7,5) -> D0001 | D7: =VLOOKUP(C7,Sheet5!F:H,3,) -> 1 | E7: ZAKIR Ahmed | F7: D0001 | G7: Ayan Trading | H7: SKU00691 | I7: =B7&H7 -> D0001OB2SKU00691 | J7: 5
A8: Farhan | B8: D0001OB2 | C8: =LEFT(B8,5) -> D0001 | D8: =VLOOKUP(C8,Sheet5!F:H,3,) -> 1 | E8: ZAKIR Ahmed | F8: D0001 | G8: Ayan Trading | H8: SKU00269 | I8: =B8&H8 -> D0001OB2SKU00269 | J8: 5
A9: Farhan | B9: D0001OB2 | C9: =LEFT(B9,5) -> D0001 | D9: =VLOOKUP(C9,Sheet5!F:H,3,) -> 1 | E9: ZAKIR Ahmed | F9: D0001 | G9: Ayan Trading | H9: SKU00237 | I9: =B9&H9 -> D0001OB2SKU00237 | J9: 15
A10: Farhan | B10: D0001OB2 | C10: =LEFT(B10,5) -> D0001 | D10: =VLOOKUP(C10,Sheet5!F:H,3,) -> 1 | E10: ZAKIR Ahmed | F10: D0001 | G10: Ayan Trading | H10: SKU00268 | I10: =B10&H10 -> D0001OB2SKU00268 | J10: 8
A11: Farhan | B11: D0001OB2 | C11: =LEFT(B11,5) -> D0001 | D11: =VLOOKUP(C11,Sheet5!F:H,3,) -> 1 | E11: ZAKIR Ahmed | F11: D0001 | G11: Ayan Trading | H11: SKU00762 | I11: =B11&H11 -> D0001OB2SKU00762 | J11: 5
A12: Farhan | B12: D0001OB2 | C12: =LEFT(B12,5) -> D0001 | D12: =VLOOKUP(C12,Sheet5!F:H,3,) -> 1 | E12: ZAKIR Ahmed | F12: D0001 | G12: Ayan Trading | H12: SKU00723 | I12: =B12&H12 -> D0001OB2SKU00723 | J12: 50
A13: Farhan | B13: D0001OB2 | C13: =LEFT(B13,5) -> D0001 | D13: =VLOOKUP(C13,Sheet5!F:H,3,) -> 1 | E13: ZAKIR Ahmed | F13: D0001 | G13: Ayan Trading | H13: SKU00037 | I13: =B13&H13 -> D0001OB2SKU00037 | J13: 2
... A2044: Atif (FSD) | B2044: D0310OB10 | C2044: =LEFT(B2044,5) -> D0310 | D2044: =VLOOKUP(C2044,Sheet5!F:H,3,) -> 9 | E2044: Imran shahzad | F2044: D0355 | G2044: Al Haram Traders | H2044: SKU00300 | I2044: =B2044&H2044 -> D0310OB10SKU00300 | J2044: 200
A2045: Atif (FSD) | B2045: D0310OB10 | C2045: =LEFT(B2045,5) -> D0310 | D2045: =VLOOKUP(C2045,Sheet5!F:H,3,) -> 9 | E2045: Imran shahzad | F2045: D0355 | H2045: SKU00428 | I2045: =B2045&H2045 -> D0310OB10SKU00428 | J2045: 4
A2046: Atif (FSD) | B2046: D0310OB10 | C2046: =LEFT(B2046,5) -> D0310 | D2046: =VLOOKUP(C2046,Sheet5!F:H,3,) -> 9 | E2046: Imran shahzad | F2046: D0355 | H2046: SKU00269 | I2046: =B2046&H2046 -> D0310OB10SKU00269 | J2046: 5
A2047: Atif (FSD) | B2047: D0310OB10 | C2047: =LEFT(B2047,5) -> D0310 | D2047: =VLOOKUP(C2047,Sheet5!F:H,3,) -> 9 | E2047: Imran shahzad | F2047: D0355 | H2047: SKU00695 | I2047: =B2047&H2047 -> D0310OB10SKU00695 | J2047: 1
A2048: Atif (FSD) | B2048: D0310OB10 | C2048: =LEFT(B2048,5) -> D0310 | D2048: =VLOOKUP(C2048,Sheet5!F:H,3,) -> 9 | E2048: Imran shahzad | F2048: D0355 | H2048: SKU00459 | I2048: =B2048&H2048 -> D0310OB10SKU00459 | J2048: 11
A2049: Atif (FSD) | B2049: D0310OB10 | C2049: =LEFT(B2049,5) -> D0310 | D2049: =VLOOKUP(C2049,Sheet5!F:H,3,) -> 9 | E2049: Imran shahzad | F2049: D0355 | H2049: SKU00264 | I2049: =B2049&H2049 -> D0310OB10SKU00264 | J2049: 5
A2050: Atif (FSD) | B2050: D0310OB10 | C2050: =LEFT(B2050,5) -> D0310 | D2050: =VLOOKUP(C2050,Sheet5!F:H,3,) -> 9 | E2050: Imran shahzad | F2050: D0355 | H2050: SKU00457 | I2050: =B2050&H2050 -> D0310OB10SKU00457 | J2050: 5
A2051: Atif (FSD) | B2051: D0310OB10 | C2051: =LEFT(B2051,5) -> D0310 | D2051: =VLOOKUP(C2051,Sheet5!F:H,3,) -> 9 | E2051: Imran shahzad | F2051: D0355 | H2051: SKU00434 | I2051: =B2051&H2051 -> D0310OB10SKU00434 | J2051: 2
A2052: Atif (FSD) | B2052: D0310OB10 | C2052: =LEFT(B2052,5) -> D0310 | D2052: =VLOOKUP(C2052,Sheet5!F:H,3,) -> 9 | E2052: Imran shahzad | F2052: D0355 | H2052: SKU00670 | I2052: =B2052&H2052 -> D0310OB10SKU00670 | J2052: 7
A2053: Atif (FSD) | B2053: D0311OB4 | C2053: =LEFT(B2053,5) -> D0311 | D2053: =VLOOKUP(C2053,Sheet5!F:H,3,) -> 9 | E2053: Muhammad Umar | F2053: D0311 | G2053: Ahmad Traders SD FSD | H2053: SKU00300 | I2053: =B2053&H2053 -> D0311OB4SKU00300 | J2053: 240
A2054: Atif (FSD) | B2054: D0311OB4 | C2054: =LEFT(B2054,5) -> D0311 | D2054: =VLOOKUP(C2054,Sheet5!F:H,3,) -> 9 | E2054: Muhammad Umar | F2054: D0311 | G2054: Ahmad Traders SD FSD | H2054: SKU00428 | I2054: =B2054&H2054 -> D0311OB4SKU00428 | J2054: 15
A2055: Atif (FSD) | B2055: D0311OB4 | C2055: =LEFT(B2055,5) -> D0311 | D2055: =VLOOKUP(C2055,Sheet5!F:H,3,) -> 9 | E2055: Muhammad Umar | F2055: D0311 | G2055: Ahmad Traders SD FSD | H2055: SKU00269 | I2055: =B2055&H2055 -> D0311OB4SKU00269 | J2055: 5
A2056: Atif (FSD) | B2056: D0311OB4 | C2056: =LEFT(B2056,5) -> D0311 | D2056: =VLOOKUP(C2056,Sheet5!F:H,3,) -> 9 | E2056: Muhammad Umar | F2056: D0311 | G2056: Ahmad Traders SD FSD | H2056: SKU00459 | I2056: =B2056&H2056 -> D0311OB4SKU00459 | J2056: 12
A2057: Atif (FSD) | B2057: D0311OB4 | C2057: =LEFT(B2057,5) -> D0311 | D2057: =VLOOKUP(C2057,Sheet5!F:H,3,) -> 9 | E2057: Muhammad Umar | F2057: D0311 | G2057: Ahmad Traders SD FSD | H2057: SKU00264 | I2057: =B2057&H2057 -> D0311OB4SKU00264 | J2057: 5
A2058: Atif (FSD) | B2058: D0311OB4 | C2058: =LEFT(B2058,5) -> D0311 | D2058: =VLOOKUP(C2058,Sheet5!F:H,3,) -> 9 | E2058: Muhammad Umar | F2058: D0311 | G2058: Ahmad Traders SD FSD | H2058: SKU00292 | I2058: =B2058&H2058 -> D0311OB4SKU00292 | J2058: 5
A2059: Atif (FSD) | B2059: D0311OB4 | C2059: =LEFT(B2059,5) -> D0311 | D2059: =VLOOKUP(C2059,Sheet5!F:H,3,) -> 9 | E2059: Muhammad Umar | F2059: D0311 | G2059: Ahmad Traders SD FSD | H2059: SKU00698 | I2059: =B2059&H2059 -> D0311OB4SKU00698 | J2059: 5
A2060: Atif (FSD) | B2060: D0311OB4 | C2060: =LEFT(B2060,5) -> D0311 | D2060: =VLOOKUP(C2060,Sheet5!F:H,3,) -> 9 | E2060: Muhammad Umar | F2060: D0311 | G2060: Ahmad Traders SD FSD | H2060: SKU00434 | I2060: =B2060&H2060 -> D0311OB4SKU00434 | J2060: 10
A2061: Atif (FSD) | B2061: D0311OB4 | C2061: =LEFT(B2061,5) -> D0311 | D2061: =VLOOKUP(C2061,Sheet5!F:H,3,) -> 9 | E2061: Muhammad Umar | F2061: D0311 | G2061: Ahmad Traders SD FSD | H2061: SKU00809 | I2061: =B2061&H2061 -> D0311OB4SKU00809 | J2061: 2
A2062: Atif (FSD) | B2062: D0311OB4 | C2062: =LEFT(B2062,5) -> D0311 | D2062: =VLOOKUP(C2062,Sheet5!F:H,3,) -> 9 | E2062: Muhammad Umar | F2062: D0311 | G2062: Ahmad Traders SD FSD | H2062: SKU00670 | I2062: =B2062&H2062 -> D0311OB4SKU00670 | J2062: 3
A2063: Atif (FSD) | B2063: D0311OB4 | C2063: =LEFT(B2063,5) -> D0311 | D2063: =VLOOKUP(C2063,Sheet5!F:H,3,) -> 9 | E2063: Muhammad Umar | F2063: D0311 | G2063: Ahmad Traders SD FSD | H2063: SKU00535 | I2063: =B2063&H2063 -> D0311OB4SKU00535 | J2063: 1
A2064: Atif (FSD) | B2064: D0311OB7 | C2064: =LEFT(B2064,5) -> D0311 | D2064: =VLOOKUP(C2064,Sheet5!F:H,3,) -> 9 | E2064: Abdul Wahid | F2064: D0311 | G2064: Ahmad Traders SD FSD | H2064: SKU00300 | I2064: =B2064&H2064 -> D0311OB7SKU00300 | J2064: 246
... A4265: Nomani | B4265: D0548OB3 | C4265: =LEFT(B4265,5) -> D0548 | D4265: =VLOOKUP(C4265,Sheet5!F:H,3,) -> 21 | E4265: M Feroz | F4265: D0453 | G4265: Aiman Traders | H4265: SKU00670 | I4265: =B4265&H4265 -> D0548OB3SKU00670 | J4265: 10

Sheet Sheet5
F1: a | G1: aa | H1: a
F2: D0001 | G2: 1 | H2: =ROUNDUP(G2/10,0) -> 1
F3: D0002 | G3: 2 | H3: =ROUNDUP(G3/10,0) -> 1
F4: D0003 | G4: 3 | H4: =ROUNDUP(G4/10,0) -> 1
F5: D0008 | G5: 4 | H5: =ROUNDUP(G5/10,0) -> 1
F6: D0009 | G6: 5 | H6: =ROUNDUP(G6/10,0) -> 1
F7: D0011 | G7: 6 | H7: =ROUNDUP(G7/10,0) -> 1
F8: D0012 | G8: 7 | H8: =ROUNDUP(G8/10,0) -> 1
F9: D0013 | G9: 8 | H9: =ROUNDUP(G9/10,0) -> 1
F10: D0020 | G10: 9 | H10: =ROUNDUP(G10/10,0) -> 1
F11: D0021 | G11: 10 | H11: =ROUNDUP(G11/10,0) -> 1
F12: D0024 | G12: 11 | H12: =ROUNDUP(G12/10,0) -> 2
F13: D0026 | G13: 12 | H13: =ROUNDUP(G13/10,0) -> 2
... F209: D0548 | G209: 208 | H209: =ROUNDUP(G209/10,0) -> 21

Sheet SKU Size
A1: Row Labels | B1: Sum of UnitsInCarton | E1: Brand | F1: Category | G1: SKU Code | H1: value
A2: SKU00001 | B2: 400 | E2: Baby-JI | F2: BABY DIAPERS | G2: SKU00799 | H2: 17.446232
A3: SKU00002 | B3: 400 | E3: Baby-JI | F3: WIPES | G3: SKU00802 | H3: 82
A4: SKU00003 | B4: 400 | E4: BONA Magic | F4: BABY DIAPERS | G4: SKU00278 | H4: 8764.7482
A5: SKU00004 | B5: 400 | E5: BONA Magic | F5: BABY DIAPERS | G5: SKU00300 | H5: 8764.7482
A6: SKU00005 | B6: 400 | E6: BONA Magic | F6: PANTS | G6: SKU00296 | H6: 9113.7842
A7: SKU00006 | B7: 400 | E7: BONA Magic | F7: WIPES | G7: SKU00292 | H7: 3591.4733
A8: SKU00007 | B8: 400 | E8: BONA PLUS | F8: ADULT DIAPER | G8: SKU00542
A9: SKU00008 | B9: 400 | E9: BONA PLUS | F9: BABY DIAPERS | G9: SKU00258 | H9: 8709.0264
A10: SKU00009 | B10: 400 | E10: BONA PLUS | F10: PANTS | G10: SKU00218 | H10: 33.7
A11: SKU00010 | B11: 400 | E11: BONA PLUS | F11: WIPES | G11: SKU00268 | H11: 3142.66
A12: SKU00011 | B12: 400 | E12: BONA SUPER | F12: BABY DIAPERS | G12: SKU00385 | H12: 8432.0845
A13: SKU00012 | B13: 400 | E13: COMTEX | F13: ADULT DIAPER | G13: SKU00691 | H13: 7560.0242
A14: SKU00013 | B14: 100 | E14: DADU | F14: ADULT DIAPER | G14: SKU00340 | H14: 10171.254
A15: SKU00014 | B15: 100 | E15: DADU | F15: PANTS | G15: SKU00728 | H15: 11529.237
A16: SKU00015 | B16: 100 | E16: DANNY | F16: Toothbrush | G16: SKU00803 | H16: 5525.4888
A17: SKU00016 | B17: 100 | E17: DANNY | F17: WIPES | G17: SKU00762 | H17: 1839.4846
A18: SKU00017 | B18: 24 | E18: DIDI | F18: Sanitary Napkin | G18: SKU00724 | H18: 4813.5308
A19: SKU00018 | B19: 24 | E19: DIDI | F19: WIPES | G19: SKU00352 | H19: 1930.3368
A20: SKU00019 | B20: 24 | E20: DOODOO | F20: WIPES | G20: SKU00237 | H20: 1831.4038
... A48: SKU00047 | B48: 216 | E48: YES | F48: Sanitary Napkin | G48: SKU00670 | H48: 4992.9853
A49: SKU00048 | B49: 192 | E49: Bona papa | F49: Toiletries | G49: SKU00823
A50: SKU00049 | B50: 168
A51: SKU00050 | B51: 288
A52: SKU00051 | B52: 240
A53: SKU00052 | B53: 216
A54: SKU00053 | B54: 192
A55: SKU00054 | B55: 180
A56: SKU00055 | B56: 144
A57: SKU00056 | B57: 480
A58: SKU00057 | B58: 432
A59: SKU00058 | B59: 384
A60: SKU00059 | B60: 336
A61: SKU00060 | B61: 288
... A820: SKU00819 | B820: 96
A821: SKU00820 | B821: 24 | E821: DIDI | F821: WIPES | G821: SKU00588 | H821: 8.2059124
A822: SKU00821 | B822: 576 | E822: DADU | F822: PANTS | G822: SKU00727 | H822: 39.892038
A823: SKU00822 | B823: 108 | E823: Bona Papa | F823: Toiletries | G823: SKU00818 | H823: 191.33718
A824: SKU00823 | B824: 108

Sheet Sheet1
A1: DistributorCode | B1: DistributorName | C1: Channel | D1: Region | E1: Area | F1: Sub Area | G1: Territory | H1: BU Model | I1: Sales Manager | J1: Status | K1: Dc | N1: DistributionCode | O1: DistributorCompanyCode
A2: D0001 | B2: Ayan Trading | C2: GT | D2: South | E2: Karachi | F2: Karachi | G2: Karachi | H2: Bona Papa | I2: Farhan Khan | J2: Active | K2: =IFERROR(VLOOKUP(A2,#REF!,1,FALSE),0) -> 0 | N2: D0010 | O2: 3400090
A3: D0002 | B3: Sufyan Traders | C3: GT | D3: South | E3: Karachi | F3: Karachi | G3: Karachi | H3: Bona Papa | I3: Farhan Khan | J3: Active | K3: =IFERROR(VLOOKUP(A3,#REF!,1,FALSE),0) -> 0 | N3: D0015 | O3: DSL
A4: D0003 | B4: Usman Trader | C4: GT | D4: South | E4: Karachi | F4: Karachi | G4: Karachi | H4: Bona Papa | I4: Farhan Khan | J4: Active | K4: =IFERROR(VLOOKUP(A4,#REF!,1,FALSE),0) -> 0 | N4: D0016 | O4: DSL
A5: D0005 | B5: K.F Traders | C5: GT | D5: South | E5: Karachi | F5: Karachi | G5: Karachi | H5: Bona Papa | I5: Farhan Khan | J5: Active | K5: =IFERROR(VLOOKUP(A5,#REF!,1,FALSE),0) -> 0 | N5: D0017 | O5: DSL
A6: D0006 | B6: Rahaa Traders | C6: GT | D6: South | E6: Karachi | F6: Karachi | G6: Karachi | H6: unassigned | I6: unassigned | J6: Inactive | K6: =IFERROR(VLOOKUP(A6,#REF!,1,FALSE),0) -> 0 | N6: D0021 | O6: 3400530
A7: D0007 | B7: Alishba Traders | C7: GT | D7: South | E7: Karachi | F7: Karachi | G7: Karachi | H7: Bona Papa | I7: Farhan Khan | J7: Active | K7: =IFERROR(VLOOKUP(A7,#REF!,1,FALSE),0) -> 0 | N7: D0024 | O7: 3400067
A8: D0008 | B8: Qadri 2 | C8: GT | D8: South | E8: Karachi | F8: Karachi | G8: Karachi | H8: Bona Papa | I8: Farhan Khan | J8: Active | K8: =IFERROR(VLOOKUP(A8,#REF!,1,FALSE),0) -> 0 | N8: D0026 | O8: 3400066
A9: D0009 | B9: M.R.S Global | C9: GT | D9: South | E9: Karachi | F9: Karachi | G9: Karachi | H9: Bona Papa | I9: Farhan Khan | J9: Active | K9: =IFERROR(VLOOKUP(A9,#REF!,1,FALSE),0) -> 0 | N9: D0027 | O9: 3400065
A10: D0010 | B10: Fazal & Sons | C10: GT | D10: South | E10: Karachi | F10: Karachi | G10: Karachi | H10: unassigned | I10: unassigned | J10: Inactive | K10: =IFERROR(VLOOKUP(A10,#REF!,1,FALSE),0) -> 0 | N10: D0029 | O10: 3400039
A11: D0011 | B11: Memon Traders | C11: GT | D11: South | E11: Karachi | F11: Karachi | G11: Karachi | H11: Bona Papa | I11: Farhan Khan | J11: Active | K11: =IFERROR(VLOOKUP(A11,#REF!,1,FALSE),0) -> 0 | N11: D0040 | O11: 10000134
A12: D0012 | B12: Qadri Traders 1 | C12: GT | D12: South | E12: Karachi | F12: Karachi | G12: Karachi | H12: Bona Papa | I12: Farhan Khan | J12: Active | K12: =IFERROR(VLOOKUP(A12,#REF!,1,FALSE),0) -> 0 | N12: D0044 | O12: 3400494
A13: D0013 | B13: Ab Trader | C13: GT | D13: Central | E13: Lahore | F13: Lahore | G13: Lahore | H13: Nana Smarty | I13: M Ali Niazi | J13: Active | K13: =IFERROR(VLOOKUP(A13,#REF!,1,FALSE),0) -> 0 | N13: D0064 | O13: 3400251
A14: D0014 | B14: Impact Marketing | C14: GT | D14: Central | E14: Lahore | F14: Lahore | G14: Lahore | H14: Nana Smarty | I14: Vacant Nana Smarty | J14: Active | K14: =IFERROR(VLOOKUP(A14,#REF!,1,FALSE),0) -> 0 | N14: D0065 | O14: 3400232
A15: D0015 | B15: Tawakal Trader | C15: GT | D15: Central | E15: Lahore | F15: Lahore | G15: Lahore | H15: unassigned | I15: unassigned | J15: Inactive | K15: =IFERROR(VLOOKUP(A15,#REF!,1,FALSE),0) -> 0 | N15: D0072 | O15: 3400060
A16: D0016 | B16: Abdur Rehman Trader | C16: GT | D16: Central | E16: Lahore | F16: Lahore | G16: Lahore | H16: unassigned | I16: unassigned | J16: Inactive | K16: =IFERROR(VLOOKUP(A16,#REF!,1,FALSE),0) -> 0 | N16: D0081 | O16: 3400649
A17: D0017 | B17: Talha Trader Lahore Nana | C17: GT | D17: Central | E17: Lahore | F17: Lahore | G17: Lahore | H17: unassigned | I17: unassigned | J17: Inactive | K17: =IFERROR(VLOOKUP(A17,#REF!,1,FALSE),0) -> 0 | N17: D0082 | O17: 3400064
... A19: D0019 | B19: Ahsan Marketing | C19: GT | D19: Central | E19: Lahore | F19: Lahore | G19: Lahore | H19: Nana Smarty | I19: Vacant Nana Smarty | J19: Inactive | K19: =IFERROR(VLOOKUP(A19,#REF!,1,FALSE),0) -> 0 | N19: D0096 | O19: 3400073
A20: D0020 | B20: Al- Hilal Agencies | C20: GT | D20: Central | E20: Multan | F20: Multan | G20: Multan | H20: Nana Smarty | I20: M Ali Niazi | J20: Active | K20: =IFERROR(VLOOKUP(A20,#REF!,1,FALSE),0) -> 0 | N20: D0100 | O20: D0100
A21: D0021 | B21: Bilal Distributor | C21: KA | D21: South | E21: LMT Karachi | F21: Karachi | G21: Karachi | H21: MT | I21: Junaid | J21: Active | K21: =IFERROR(VLOOKUP(A21,#REF!,1,FALSE),0) -> 0 | N21: D0106 | O21: 3400614
A22: D0022 | B22: Waiz Marketing | C22: GT | D22: Central | E22: Faisalabad | F22: Faisalabad | G22: Faisalabad | H22: unassigned | I22: unassigned | J22: Inactive | K22: =IFERROR(VLOOKUP(A22,#REF!,1,FALSE),0) -> 0 | N22: D0118 | O22: 3400635
A23: D0023 | B23: Raheem Gul Traders | C23: GT | D23: North | E23: Peshawar | F23: Mardan | G23: Mingora Sawat | H23: Nana Smarty | I23: Vacant Nana Smarty | J23: Active | K23: =IFERROR(VLOOKUP(A23,#REF!,1,FALSE),0) -> 0 | N23: D0160 | O23: 3400695
A24: D0024 | B24: Ankd Group | C24: GT | D24: South | E24: Karachi | F24: Karachi | G24: Karachi | H24: Nana Smarty | I24: Rashid Qureshi | J24: Active | K24: =IFERROR(VLOOKUP(A24,#REF!,1,FALSE),0) -> 0 | N24: D0196 | O24: 3400650
A25: D0025 | B25: Al Baraka Traders | C25: GT | D25: South | E25: Karachi | F25: Karachi | G25: Karachi | H25: unassigned | I25: unassigned | J25: Inactive | K25: =IFERROR(VLOOKUP(A25,#REF!,1,FALSE),0) -> 0 | N25: D0198 | O25: 3400718
A26: D0026 | B26: Un Traders | C26: GT | D26: South | E26: Karachi | F26: Karachi | G26: Karachi | H26: Nana Smarty | I26: Rashid Qureshi | J26: Active | K26: =IFERROR(VLOOKUP(A26,#REF!,1,FALSE),0) -> 0 | N26: D0203 | O26: 3400070
A27: D0027 | B27: Ubi Traders | C27: GT | D27: South | E27: Karachi | F27: Karachi | G27: Karachi | H27: Nana Smarty | I27: Rashid Qureshi | J27: Active | K27: =IFERROR(VLOOKUP(A27,#REF!,1,FALSE),0) -> 0 | N27: D0216 | O27: 3400737
A28: D0028 | B28: M Iqbal Traders | C28: GT | D28: South | E28: Sukkur | F28: Larkana | G28: Larkana | H28: Bona Papa | I28: Amir Tayyab | J28: Active | K28: =IFERROR(VLOOKUP(A28,#REF!,1,FALSE),0) -> 0 | N28: D0220 | O28: 3400721
A29: D0029 | B29: Aleena Star Enterprises | C29: GT | D29: South | E29: Hyderabad | F29: Hyderabad | G29: Hyderabad | H29: unassigned | I29: unassigned | J29: Inactive | K29: =IFERROR(VLOOKUP(A29,#REF!,1,FALSE),0) -> 0 | N29: D0221 | O29: 3400744
A30: D0030 | B30: Ayan Trading | C30: GT | D30: South | E30: Karachi | F30: Karachi | G30: Karachi | H30: Bona Magic | I30: Amir tayyab | J30: Active | K30: =IFERROR(VLOOKUP(A30,#REF!,1,FALSE),0) -> 0 | N30: D0224 | O30: 3400814
A31: D0031 | B31: Aleena Star Enterprises | C31: GT | D31: South | E31: Hyderabad | F31: Hyderabad | G31: Hyderabad | H31: Bona Papa | I31: Amir tayyab | J31: Active | K31: =IFERROR(VLOOKUP(A31,#REF!,1,FALSE),0) -> 0 | N31: D0231 | O31: 3400734
A32: D0032 | B32: Hassan Traders | C32: GT | D32: South | E32: Hyderabad | F32: Hyderabad | G32: Hyderabad | H32: unassigned | I32: unassigned | J32: Inactive | K32: =IFERROR(VLOOKUP(A32,#REF!,1,FALSE),0) -> 0 | N32: D0281 | O32: 3400870
... A52: D0052 | B52: Usman Traders | C52: GT | D52: South | E52: Karachi | F52: Karachi | G52: Karachi | H52: Bona Magic | I52: Amir tayyab | J52: Active | K52: =IFERROR(VLOOKUP(A52,#REF!,1,FALSE),0) -> 0 | N52: D0454 | O52: 3401052
A53: D0053 | B53: Wania Traders Magic | C53: GT | D53: South | E53: Karachi | F53: Karachi | G53: Karachi | H53: unassigned | I53: unassigned | J53: Inactive | K53: =IFERROR(VLOOKUP(A53,#REF!,1,FALSE),0) -> 0 | N53: D0022 | O53: D0102
A54: D0054 | B54: ARSALAN ENTERPRISES | C54: GT | D54: South | E54: Karachi | F54: Karachi | G54: Karachi | H54: Bona Papa | I54: Amir Tayyab | J54: Inactive | K54: =IFERROR(VLOOKUP(A54,#REF!,1,FALSE),0) -> 0 | N54: D0025 | O54: 3400225
A55: D0055 | B55: Hassan Traders | C55: GT | D55: South | E55: Karachi | F55: Karachi | G55: Karachi | H55: Bona Magic | I55: Amir tayyab | J55: Active | K55: =IFERROR(VLOOKUP(A55,#REF!,1,FALSE),0) -> 0 | N55: D0037 | O55: 3400041
A56: D0056 | B56: Qb Marketing | C56: GT | D56: South | E56: Karachi | F56: Karachi | G56: Karachi | H56: Bona Magic | I56: Amir tayyab | J56: Active | K56: =IFERROR(VLOOKUP(A56,#REF!,1,FALSE),0) -> 0 | N56: D0046 | O56: 3400234
A57: D0057 | B57: Paradise Metro Store | C57: GT | D57: North | E57: Peshawar | F57: Mardan | G57: Butkhela | H57: Nana Smarty | I57: Arsalan Khan | J57: Active | K57: =IFERROR(VLOOKUP(A57,#REF!,1,FALSE),0) -> 0 | N57: D0048 | O57: D0046
A58: D0058 | B58: M.R.S Global | C58: GT | D58: South | E58: Karachi | F58: Karachi | G58: Karachi | H58: Bona Magic | I58: Amir tayyab | J58: Active | K58: =IFERROR(VLOOKUP(A58,#REF!,1,FALSE),0) -> 0 | N58: D0053 | O58: 3400014
A59: D0059 | B59: Al Ghosia Traders | C59: GT | D59: South | E59: Karachi | F59: Karachi | G59: Karachi | H59: unassigned | I59: unassigned | J59: Inactive | K59: =IFERROR(VLOOKUP(A59,#REF!,1,FALSE),0) -> 0 | N59: D0062 | O59: DSL
A60: D0060 | B60: Kazim Traders | C60: GT | D60: South | E60: Karachi | F60: Karachi | G60: Karachi | H60: unassigned | I60: unassigned | J60: Inactive | K60: =IFERROR(VLOOKUP(A60,#REF!,1,FALSE),0) -> 0 | N60: D0063 | O60: 3400293
A61: D0061 | B61: I A Traders | C61: GT | D61: South | E61: Karachi | F61: Karachi | G61: Karachi | H61: Nana Smarty | I61: Vacant Nana Smarty | J61: Inactive | K61: =IFERROR(VLOOKUP(A61,#REF!,1,FALSE),0) -> 0 | N61: D0071 | O61: 3400017
A62: D0062 | B62: Shah Marketing | C62: GT | D62: South | E62: Karachi | F62: Karachi | G62: Karachi | H62: unassigned | I62: unassigned | J62: Inactive | K62: =IFERROR(VLOOKUP(A62,#REF!,1,FALSE),0) -> 0 | N62: D0079 | O62: D0115
A63: D0063 | B63: Raees & Sons | C63: GT | D63: South | E63: Karachi | F63: Karachi | G63: Karachi | H63: unassigned | I63: unassigned | J63: Inactive | K63: =IFERROR(VLOOKUP(A63,#REF!,1,FALSE),0) -> 0 | N63: D0084 | O63: D0083
A64: D0064 | B64: Soft Touch Enterprises | C64: GT | D64: South | E64: Karachi | F64: Karachi | G64: Karachi | H64: unassigned | I64: unassigned | J64: Inactive | K64: =IFERROR(VLOOKUP(A64,#REF!,1,FALSE),0) -> 0 | N64: D0098 | O64: D0098
A65: D0065 | B65: Z M Traders | C65: GT | D65: South | E65: Karachi | F65: Karachi | G65: Karachi | H65: unassigned | I65: unassigned | J65: Inactive | K65: =IFERROR(VLOOKUP(A65,#REF!,1,FALSE),0) -> 0 | N65: D0101 | O65: D0115
A66: D0066 | B66: Ab Marketing | C66: GT | D66: Central | E66: Faisalabad | F66: Faisalabad | G66: Faisalabad | H66: Bona Papa | I66: Atif Akram | J66: Inactive | K66: =IFERROR(VLOOKUP(A66,#REF!,1,FALSE),0) -> 0 | N66: D0102 | O66: 3400235
A67: D0067 | B67: Wahid Traders | C67: GT | D67: South | E67: Hyderabad | F67: Hyderabad | G67: Hyderabad | H67: Bona Magic | I67: Amir tayyab | J67: Active | K67: =IFERROR(VLOOKUP(A67,#REF!,1,FALSE),0) -> 0 | N67: D0107 | O67: D0105
A68: D0068 | B68: As Enterprises | C68: GT | D68: South | E68: Hyderabad | F68: Hyderabad | G68: Hyderabad | H68: MOMSE-NOFEA | I68: Sohail Akram | J68: Inactive | K68: =IFERROR(VLOOKUP(A68,#REF!,1,FALSE),0) -> 0 | N68: D0120 | O68: 3400629
A69: D0069 | B69: Mh Traders | C69: GT | D69: South | E69: Hyderabad | F69: Hyderabad | G69: Hyderabad | H69: unassigned | I69: unassigned | J69: Inactive | K69: =IFERROR(VLOOKUP(A69,#REF!,1,FALSE),0) -> 0 | N69: D0128 | O69: D0115
A70: D0070 | B70: Za Traders | C70: GT | D70: South | E70: Hyderabad | F70: Hyderabad | G70: Hyderabad | H70: unassigned | I70: unassigned | J70: Inactive | K70: =IFERROR(VLOOKUP(A70,#REF!,1,FALSE),0) -> 0 | N70: D0159 | O70: 3400687
A71: D0071 | B71: Mustafa Marketing | C71: GT | D71: Central | E71: Faisalabad | F71: Faisalabad | G71: Faisalabad | H71: Bona Magic | I71: Atif Akram | J71: Inactive | K71: =IFERROR(VLOOKUP(A71,#REF!,1,FALSE),0) -> 0 | N71: D0166 | O71: 3400675
A72: D0072 | B72: Hamza Traders | C72: GT | D72: Central | E72: Faisalabad | F72: Faisalabad | G72: Faisalabad | H72: MOMSE-NOFEA | I72: Sohail Akram | J72: Active | K72: =IFERROR(VLOOKUP(A72,#REF!,1,FALSE),0) -> 0 | N72: D0174 | O72: 3400688
A73: D0073 | B73: Waseem Trader | C73: GT | D73: South | E73: Hyderabad | F73: Hyderabad | G73: Hyderabad | H73: Nana Smarty | I73: Vacant Nana Smarty | J73: Inactive | K73: =IFERROR(VLOOKUP(A73,#REF!,1,FALSE),0) -> 0 | N73: D0176 | O73: 3400697
A74: D0074 | B74: Ansari Trader | C74: GT | D74: South | E74: Hyderabad | F74: Hyderabad | G74: Hyderabad | H74: Nana Smarty | I74: Vacant Nana Smarty | J74: Inactive | K74: =IFERROR(VLOOKUP(A74,#REF!,1,FALSE),0) -> 0 | N74: D0185 | O74: 3400659
A75: D0075 | B75: Akbari Traders | C75: GT | D75: Central | E75: Lahore | F75: Lahore | G75: Lahore | H75: unassigned | I75: unassigned | J75: Inactive | K75: =IFERROR(VLOOKUP(A75,#REF!,1,FALSE),0) -> 0 | N75: D0186 | O75: 3400703
A76: D0076 | B76: Bilal Traders | C76: GT | D76: Central | E76: Lahore | F76: Lahore | G76: Lahore | H76: Bona Magic | I76: Atif Akram | J76: Inactive | K76: =IFERROR(VLOOKUP(A76,#REF!,1,FALSE),0) -> 0 | N76: D0189 | O76: 3400713
A77: D0077 | B77: Tiptop Traders | C77: GT | D77: Central | E77: Lahore | F77: Lahore | G77: Lahore | H77: unassigned | I77: unassigned | J77: Inactive | K77: =IFERROR(VLOOKUP(A77,#REF!,1,FALSE),0) -> 0 | N77: D0193 | O77: DSL
A78: D0078 | B78: Yahya Traders | C78: GT | D78: Central | E78: Lahore | F78: Lahore | G78: Lahore | H78: unassigned | I78: unassigned | J78: Inactive | K78: =IFERROR(VLOOKUP(A78,#REF!,1,FALSE),0) -> 0 | N78: D0207 | O78: 3400729
A79: D0079 | B79: Rachna Marketing Lahore Magic | C79: GT | D79: Central | E79: Lahore | F79: Lahore | G79: Lahore | H79: unassigned | I79: unassigned | J79: Inactive | K79: =IFERROR(VLOOKUP(A79,#REF!,1,FALSE),0) -> 0 | N79: D0218 | O79: 3400608
A80: D0080 | B80: Al Rehman Trader | C80: GT | D80: North | E80: Islamabad | F80: Rawalpindi | G80: Rawalpindi | H80: Bona Magic | I80: Waqar Ahmad | J80: Inactive | K80: =IFERROR(VLOOKUP(A80,#REF!,1,FALSE),0) -> 0 | N80: D0232 | O80: DSL
A81: D0081 | B81: Msc Trader | C81: GT | D81: Central | E81: Lahore | F81: Lahore | G81: Lahore | H81: MOMSE-NOFEA | I81: Sohail Akram | J81: Active | K81: =IFERROR(VLOOKUP(A81,#REF!,1,FALSE),0) -> 0 | N81: D0258 | O81: 3400704
A82: D0082 | B82: Waseem Brother | C82: GT | D82: Central | E82: Lahore | F82: Lahore | G82: Lahore | H82: MOMSE-NOFEA | I82: Sohail Akram | J82: Active | K82: =IFERROR(VLOOKUP(A82,#REF!,1,FALSE),0) -> 0 | N82: D0259 | O82: 3400022
A83: D0083 | B83: Zeeshan Traders | C83: GT | D83: Central | E83: Lahore | F83: Lahore | G83: Lahore | H83: unassigned | I83: unassigned | J83: Inactive | K83: =IFERROR(VLOOKUP(A83,#REF!,1,FALSE),0) -> 0 | N83: D0284 | O83: 3400795
A84: D0084 | B84: Aa Martketing Lhe Momse | C84: GT | D84: Central | E84: Lahore | F84: Lahore | G84: Lahore | H84: unassigned | I84: unassigned | J84: Inactive | K84: =IFERROR(VLOOKUP(A84,#REF!,1,FALSE),0) -> 0 | N84: D0299 | O84: 3400722
A85: D0085 | B85: Al Rehman Traders | C85: GT | D85: North | E85: Islamabad | F85: Rawalpindi | G85: Rawalpindi | H85: MOMSE-NOFEA | I85: Sohail Akram | J85: Inactive | K85: =IFERROR(VLOOKUP(A85,#REF!,1,FALSE),0) -> 0 | N85: D0323 | O85: 123456
A86: D0086 | B86: Qureshi Traders | C86: GT | D86: North | E86: Islamabad | F86: Rawalpindi | G86: Rawalpindi | H86: unassigned | I86: unassigned | J86: Inactive | K86: =IFERROR(VLOOKUP(A86,#REF!,1,FALSE),0) -> 0 | N86: D0343 | O86: DSL
A87: D0087 | B87: Qureshi Distributors | C87: GT | D87: North | E87: Islamabad | F87: Rawalpindi | G87: Rawalpindi | H87: unassigned | I87: unassigned | J87: Inactive | K87: =IFERROR(VLOOKUP(A87,#REF!,1,FALSE),0) -> 0 | N87: D0356 | O87: 3400608
A88: D0088 | B88: Irshad Traders - Sole | C88: GT | D88: Central | E88: Multan | F88: Multan | G88: Multan | H88: Bona Magic | I88: Atif Akram | J88: Inactive | K88: =IFERROR(VLOOKUP(A88,#REF!,1,FALSE),0) -> 0 | N88: D0358 | O88: 3400866
A89: D0089 | B89: Meraj Traders | C89: GT | D89: Central | E89: Multan | F89: Multan | G89: Multan | H89: Bona Pro Plus | I89: Muhammad Kamran | J89: Active | K89: =IFERROR(VLOOKUP(A89,#REF!,1,FALSE),0) -> 0 | N89: D0415 | O89: 3400988
A90: D0090 | B90: Active Enterprises | C90: GT | D90: Central | E90: Multan | F90: Multan | G90: Multan | H90: MOMSE-NOFEA | I90: M Ali Niazi | J90: Active | K90: =IFERROR(VLOOKUP(A90,#REF!,1,FALSE),0) -> 0 | N90: D0006 | O90: 3400586
A91: D0091 | B91: 786 Traders | C91: GT | D91: South | E91: Karachi | F91: Karachi | G91: Karachi | H91: Nana Smarty | I91: Vacant Nana Smarty | J91: Inactive | K91: =IFERROR(VLOOKUP(A91,#REF!,1,FALSE),0) -> 0 | N91: D0013 | O91: D0381
A92: D0092 | B92: Rehan Enterprises | C92: GT | D92: North | E92: Peshawar | F92: Peshawar | G92: Peshawar | H92: unassigned | I92: unassigned | J92: Inactive | K92: =IFERROR(VLOOKUP(A92,#REF!,1,FALSE),0) -> 0 | N92: D0014 | O92: 381
A93: D0093 | B93: Mohib Enterprises | C93: GT | D93: North | E93: Peshawar | F93: Peshawar | G93: Peshawar | H93: unassigned | I93: unassigned | J93: Inactive | K93: =IFERROR(VLOOKUP(A93,#REF!,1,FALSE),0) -> 0 | N93: D0018 | O93: D0111
A94: D0094 | B94: Zeb Enterprises | C94: GT | D94: North | E94: Peshawar | F94: Peshawar | G94: Peshawar | H94: Bona Magic | I94: Waqar Ahmad | J94: Inactive | K94: =IFERROR(VLOOKUP(A94,#REF!,1,FALSE),0) -> 0 | N94: D0020 | O94: D0192
A95: D0095 | B95: Oma Enterprises | C95: GT | D95: North | E95: Peshawar | F95: Peshawar | G95: Peshawar | H95: Bona Magic | I95: Waqar Ahmad | J95: Inactive | K95: =IFERROR(VLOOKUP(A95,#REF!,1,FALSE),0) -> 0 | N95: D0028 | O95: D0108
A96: D0096 | B96: Irfan Traders | C96: GT | D96: North | E96: Peshawar | F96: Peshawar | G96: Peshawar | H96: MOMSE-NOFEA | I96: Waqar Ahmad | J96: Active | K96: =IFERROR(VLOOKUP(A96,#REF!,1,FALSE),0) -> 0 | N96: D0032 | O96: D0031
A97: D0097 | B97: Shamim Traders | C97: GT | D97: South | E97: Karachi | F97: Karachi | G97: Karachi | H97: Nana Smarty | I97: Vacant Nana Smarty | J97: Inactive | K97: =IFERROR(VLOOKUP(A97,#REF!,1,FALSE),0) -> 0 | N97: D0033 | O97: D0031
A98: D0098 | B98: Jugnu Tech Private Limited - LMT | C98: KA | D98: Central | E98: Lahore | F98: Lahore | G98: Lahore | H98: unassigned | I98: unassigned | J98: Inactive | K98: =IFERROR(VLOOKUP(A98,#REF!,1,FALSE),0) -> 0 | N98: D0034 | O98: D0031
A99: D0099 | B99: Nafees Traders | C99: GT | D99: South | E99: Sukkur | F99: Sukkur | G99: Sukkur | H99: Nana Smarty | I99: Rashid Qureshi | J99: Active | K99: =IFERROR(VLOOKUP(A99,#REF!,1,FALSE),0) -> 0 | N99: D0035 | O99: D0031
A100: D0100 | B100: Jugnu Private Limited - GT | C100: unassigned | D100: unassigned | E100: unassigned | F100: unassigned | G100: unassigned | H100: unassigned | I100: unassigned | J100: Inactive | K100: =IFERROR(VLOOKUP(A100,#REF!,1,FALSE),0) -> 0 | N100: D0036 | O100: D0031
A101: D0101 | B101: Sla Traders | C101: GT | D101: Central | E101: Lahore | F101: Lahore | G101: Lahore | H101: unassigned | I101: unassigned | J101: Inactive | K101: =IFERROR(VLOOKUP(A101,#REF!,1,FALSE),0) -> 0 | N101: D0041 | O101: D0339
A102: D0102 | B102: Sa Distribution | C102: GT | D102: Central | E102: Faisalabad | F102: Faisalabad | G102: Faisalabad | H102: Nana Smarty | I102: Vacant Nana Smarty | J102: Inactive | K102: =IFERROR(VLOOKUP(A102,#REF!,1,FALSE),0) -> 0 | N102: D0045 | O102: D0043
A103: D0103 | B103: Uzair Enterprises | C103: GT | D103: South | E103: Sukkur | F103: Sukkur | G103: Sukkur | H103: unassigned | I103: unassigned | J103: Inactive | K103: =IFERROR(VLOOKUP(A103,#REF!,1,FALSE),0) -> 0 | N103: D0049 | O103: D0190
A104: D0104 | B104: Makka Traders | C104: GT | D104: South | E104: Sukkur | F104: Sukkur | G104: Sukkur | H104: Bona Papa | I104: Amir Tayyab | J104: Inactive | K104: =IFERROR(VLOOKUP(A104,#REF!,1,FALSE),0) -> 0 | N104: D0050 | O104: D0046
... A106: D0106 | B106: Bukhari Traders | C106: GT | D106: South | E106: Sukkur | F106: Sukkur | G106: Sukkur | H106: MOMSE-NOFEA | I106: Sohail Akram | J106: Inactive | K106: =IFERROR(VLOOKUP(A106,#REF!,1,FALSE),0) -> 0 | N106: D0060 | O106: DSL
A107: D0107 | B107: Irshad Traders | C107: GT | D107: South | E107: Sukkur | F107: Larkana | G107: Larkana | H107: unassigned | I107: unassigned | J107: Inactive | K107: =IFERROR(VLOOKUP(A107,#REF!,1,FALSE),0) -> 0 | N107: D0061 | O107: 3400723
A108: D0108 | B108: M Ashfaq Traders | C108: GT | D108: South | E108: Sukkur | F108: Larkana | G108: Larkana | H108: Bona Papa | I108: Amir Tayyab | J108: Active | K108: =IFERROR(VLOOKUP(A108,#REF!,1,FALSE),0) -> 0 | N108: D0069 | O108: 3400241
A109: D0109 | B109: Faheem Traders | C109: GT | D109: South | E109: Karachi | F109: Karachi | G109: Karachi | H109: Bona Papa | I109: Farhan Khan | J109: Active | K109: =IFERROR(VLOOKUP(A109,#REF!,1,FALSE),0) -> 0 | N109: D0070 | O109: D0067
A110: D0110 | B110: Sabzwari Traders | C110: GT | D110: South | E110: Karachi | F110: Karachi | G110: Karachi | H110: Bona Papa | I110: Farhan Khan | J110: Active | K110: =IFERROR(VLOOKUP(A110,#REF!,1,FALSE),0) -> 0 | N110: D0073 | O110: D0254
A111: D0111 | B111: Progressive Marketing | C111: GT | D111: Central | E111: Lahore | F111: Lahore | G111: Lahore | H111: Nana Smarty | I111: Vacant Nana Smarty | J111: Active | K111: =IFERROR(VLOOKUP(A111,#REF!,1,FALSE),0) -> 0 | N111: D0074 | O111: D0254
A112: D0112 | B112: Vision Marketing | C112: GT | D112: Central | E112: Lahore | F112: Lahore | G112: Lahore | H112: Bona Magic | I112: Atif Akram | J112: Inactive | K112: =IFERROR(VLOOKUP(A112,#REF!,1,FALSE),0) -> 0 | N112: D0075 | O112: D0115
A113: D0113 | B113: Maryum Enterprises | C113: GT | D113: South | E113: Karachi | F113: Karachi | G113: Karachi | H113: unassigned | I113: unassigned | J113: Inactive | K113: =IFERROR(VLOOKUP(A113,#REF!,1,FALSE),0) -> 0 | N113: D0076 | O113: D0115
A114: D0114 | B114: Ahsan Enterprises | C114: GT | D114: South | E114: Karachi | F114: Karachi | G114: Karachi | H114: Nana Smarty | I114: Vacant Nana Smarty | J114: Inactive | K114: =IFERROR(VLOOKUP(A114,#REF!,1,FALSE),0) -> 0 | N114: D0077 | O114: D0115
A115: D0115 | B115: Hamza Brothers | C115: GT | D115: Central | E115: Lahore | F115: Lahore | G115: Lahore | H115: Bona Magic | I115: Atif Akram | J115: Active | K115: =IFERROR(VLOOKUP(A115,#REF!,1,FALSE),0) -> 0 | N115: D0078 | O115: D0115
A116: D0116 | B116: Sy Traders | C116: GT | D116: South | E116: Sukkur | F116: Quetta | G116: Quetta | H116: Nana Smarty | I116: Rashid Qureshi | J116: Active | K116: =IFERROR(VLOOKUP(A116,#REF!,1,FALSE),0) -> 0 | N116: D0083 | O116: 3400068
A117: D0117 | B117: Yameen Traders | C117: GT | D117: South | E117: Sukkur | F117: Quetta | G117: Quetta | H117: Nana Smarty | I117: Vacant Nana Smarty | J117: Inactive | K117: =IFERROR(VLOOKUP(A117,#REF!,1,FALSE),0) -> 0 | N117: D0087 | O117: 3400077
A118: D0118 | B118: Insaaf Traders | C118: GT | D118: South | E118: Sukkur | F118: Quetta | G118: Quetta | H118: Nana Smarty | I118: Rashid Qureshi | J118: Active | K118: =IFERROR(VLOOKUP(A118,#REF!,1,FALSE),0) -> 0 | N118: D0091 | O118: 3400723
A119: D0119 | B119: Hafiz Brothers | C119: GT | D119: Central | E119: Lahore | F119: Lahore | G119: Lahore | H119: Bona Magic | I119: Atif Akram | J119: Active | K119: =IFERROR(VLOOKUP(A119,#REF!,1,FALSE),0) -> 0 | N119: D0092 | O119: 3400019
A120: D0120 | B120: H S Brothers | C120: GT | D120: Central | E120: Lahore | F120: Sheikhupura | G120: Sheikhpura | H120: unassigned | I120: unassigned | J120: Inactive | K120: =IFERROR(VLOOKUP(A120,#REF!,1,FALSE),0) -> 0 | N120: D0093 | O120: D0092
A121: D0121 | B121: 101 Marketing | C121: GT | D121: Central | E121: Lahore | F121: Sheikhupura | G121: Sheikhpura | H121: unassigned | I121: unassigned | J121: Inactive | K121: =IFERROR(VLOOKUP(A121,#REF!,1,FALSE),0) -> 0 | N121: D0097 | O121: 3400723
...

Sheet HIE
